gene,K_EN,K_RF,K_XGB,K_mean,K_median,K_std,K_IQR,K_final,threshold_instability_score,threshold_method_EN,threshold_method_RF,threshold_method_XGB,fallback_used,fallback_reason,K_EN_orig,K_RF_orig,K_XGB_orig,K_mean_orig
MISP,0.6549301217600354,0.025135615045012844,0.6424472521257245,0.4408376629769242,0.6424472521257245,0.29398990912350004,0.3148972533575113,0.4408376629769242,0.29398990912350004,linear_coefficient_crossing,polynomial_shap_crossing,polynomial_shap_crossing,no,None,1.7303350724637685,-9.516913105157133,1.5074084968124637,-2.0930565119603015
OCIAD2,0.8100068756764647,0.791067142617815,0.7885617190283836,0.796545245774221,0.791067142617815,0.00957360595802697,0.010722578324040555,0.796545245774221,0.00957360595802697,linear_coefficient_crossing,polynomial_shap_crossing,polynomial_shap_crossing,no,None,5.7350492753623215,5.3679290656466785,5.319364936958578,5.4741144259891925
MMP12,0.390253094988227,0.42725263648122924,0.374589563084343,0.39736509818459975,0.390253094988227,0.02207993458626133,0.026331536698443125,0.39736509818459975,0.02207993458626133,linear_coefficient_crossing,polynomial_shap_crossing,polynomial_shap_crossing,no,None,-3.1315707246376716,-2.483623654149769,-3.4058751943980603,-3.0070231910618332
CCNB1,0.7537225258562277,0.7510688331151384,0.663826088330498,0.7228724824339547,0.7510688331151384,0.04176615865950621,0.0449482187628647,0.7228724824339547,0.04176615865950621,linear_coefficient_crossing,polynomial_shap_crossing,polynomial_shap_crossing,no,None,2.418313333333334,2.3747115693815917,0.941260926923081,1.9114286098793354
AGR2,0.6342550886458085,0.017296125399184813,0.6308830040447434,0.42747807269657895,0.6308830040447434,0.2900457034734938,0.3084794816233119,0.42747807269657895,0.2900457034734938,linear_coefficient_crossing,polynomial_shap_crossing,polynomial_shap_crossing,no,None,5.28048724637681,-9.550034008041855,5.199428739527946,0.3099606592876345
PLAC8,0.6472156539041042,0.5908211814394514,0.6281811963943866,0.6220726772459807,0.6281811963943866,0.023424625728514163,0.028197236232326395,0.6220726772459807,0.023424625728514163,linear_coefficient_crossing,polynomial_shap_crossing,youden_index_fallback,yes,XGB: No XGBoost SHAP zero-crossing found,2.524944347826088,1.436576144836261,2.1575945454545464,2.03970501270563
LAMA3,0.6818279164380552,0.005729368933186921,0.9646806560666183,0.5507459804792868,0.6818279164380552,0.40231310213542243,0.47947564356671574,0.5507459804792868,0.40231310213542243,linear_coefficient_crossing,polynomial_shap_crossing,polynomial_shap_crossing,no,None,3.4445278260869565,-9.853113625948293,9.007732079649463,0.8663820932627075
CEACAM5,0.5156587745771034,0.28022996553922414,0.35245540755768023,0.3827813825580026,0.35245540755768023,0.09847649330690951,0.11771440451893961,0.3827813825580026,0.09847649330690951,linear_coefficient_crossing,polynomial_shap_crossing,polynomial_shap_crossing,no,None,1.1502046376811599,-3.9249106558675,-2.3679540248198436,-1.7142200143353943
MMP9,0.5677068740060193,0.552726533793677,0.39530429253250116,0.5052459001107324,0.552726533793677,0.0779806405713783,0.08620129073675908,0.5052459001107324,0.0779806405713783,linear_coefficient_crossing,polynomial_shap_crossing,polynomial_shap_crossing,no,None,0.5807176811594201,0.3024219088986538,-2.6220740359067136,-0.5796448152828795
CST1,0.4268154880831158,0.29836640649831303,0.905796023714179,0.5436593060985359,0.4268154880831158,0.2613835538362081,0.303714808607933,0.5436593060985359,0.2613835538362081,linear_coefficient_crossing,polynomial_shap_crossing,polynomial_shap_crossing,no,None,-0.7520486956521621,-3.5249047096396167,9.587799923122725,1.7702821726103135
GRN,0.8198389807608647,0.7851453457958596,0.8401301328175749,0.8150381531247665,0.8198389807608647,0.022702682080163877,0.027492393510857638,0.8150381531247665,0.022702682080163877,linear_coefficient_crossing,polynomial_shap_crossing,youden_index_fallback,yes,XGB: No XGBoost SHAP zero-crossing found,6.773918260869567,6.065533214063601,7.188229090909091,6.675893521947421
RCN1,0.8169633463163388,0.8240369946371957,0.9082685426399731,0.8497562945311693,0.8240369946371957,0.041475064871972264,0.045652598161817104,0.8497562945311693,0.041475064871972264,linear_coefficient_crossing,polynomial_shap_crossing,polynomial_shap_crossing,no,None,4.626554202898548,4.752901587111199,6.257420228072407,5.212292006027386
CTTN,0.5581351227863373,0.8387800076291247,0.8354104415217126,0.7441085239790581,0.8354104415217126,0.13151024790823873,0.1403224424213937,0.7441085239790581,0.13151024790823873,linear_coefficient_crossing,polynomial_shap_crossing,polynomial_shap_crossing,no,None,6.482338840579718,7.709907631370555,7.695168812260124,7.295805094736799
SDC1,0.7495399794829235,0.7688820566996445,0.9377428581249206,0.8187216314358295,0.7688820566996445,0.08453034283497024,0.09410143932099857,0.8187216314358295,0.08453034283497024,youden_index_fallback,polynomial_shap_crossing,polynomial_shap_crossing,yes,EN: Zero coefficient in SAGA Elastic Net model,4.813254545454545,5.194631952975242,8.524144805078125,6.1773437678359695
TPX2,0.6073744887059959,0.966439069078539,0.5951758516115382,0.7229964697986911,0.6073744887059959,0.17221193540680635,0.18563160873350038,0.7229964697986911,0.17221193540680635,linear_coefficient_crossing,polynomial_shap_crossing,youden_index_fallback,yes,XGB: No XGBoost SHAP zero-crossing found,-0.17947855072463972,5.605949500527961,-0.3760290909090903,1.6834806196314123
TOP2A,0.664384521012934,0.9400818745185795,0.688422808369664,0.7642964013003924,0.688422808369664,0.12468589671829405,0.13784867675282275,0.7642964013003924,0.12468589671829405,linear_coefficient_crossing,polynomial_shap_crossing,youden_index_fallback,yes,XGB: No XGBoost SHAP zero-crossing found,0.535461739130435,4.893134108640667,0.9154109090909093,2.1146689189540044
PTPRR,0.5566234072874768,0.568220369602873,0.5077221786536467,0.5441886518479988,0.5566234072874768,0.02621672664746668,0.030249095474613186,0.5441886518479988,0.02621672664746668,linear_coefficient_crossing,polynomial_shap_crossing,youden_index_fallback,yes,XGB: No XGBoost SHAP zero-crossing found,-1.1646933333333327,-0.9813268039872144,-1.9379,-1.3613067124401823
ETV1,0.6804527817412096,0.6290222338893162,0.6828255137102078,0.6641001764469112,0.6804527817412096,0.02482275843931166,0.026901639910445807,0.6641001764469112,0.02482275843931166,linear_coefficient_crossing,polynomial_shap_crossing,youden_index_fallback,yes,XGB: No XGBoost SHAP zero-crossing found,1.1044182608695647,0.267699820921897,1.1430200000000001,0.8383793605971537
DOCK5,0.8068709606353742,0.9207466706426878,0.818280288756981,0.8486326400116809,0.818280288756981,0.05120461081083721,0.05693785500365678,0.8486326400116809,0.05120461081083721,linear_coefficient_crossing,polynomial_shap_crossing,youden_index_fallback,yes,XGB: No XGBoost SHAP zero-crossing found,1.9825872463768106,3.668892922878114,2.1515400000000002,2.601006723084975
EDIL3,0.6686550448703797,0.582397496959316,0.6423981048281633,0.6311502155526197,0.6423981048281633,0.03610149953278518,0.04312877395553194,0.6311502155526197,0.03610149953278518,linear_coefficient_crossing,polynomial_shap_crossing,youden_index_fallback,yes,XGB: No XGBoost SHAP zero-crossing found,1.3988617391304339,-0.06719742243037968,0.9525909090909094,0.76141840859699
DNTTIP1,0.7574775819549118,0.7863078617990584,0.7574775819549118,0.767087675236294,0.7574775819549118,0.013590724254201294,0.014415139922073328,0.767087675236294,0.013590724254201294,youden_index_fallback,polynomial_shap_crossing,youden_index_fallback,yes,EN: Zero coefficient in SAGA Elastic Net model; XGB: No XGBoost SHAP zero-crossing found,3.5013181818181818,4.013888844139281,3.5013181818181818,3.6721750692585466
DSG2,0.7892972527297847,0.9399097361359608,0.7892972527297847,0.8395014138651767,0.7892972527297847,0.0709994055652357,0.07530624170308808,0.8395014138651767,0.0709994055652357,youden_index_fallback,polynomial_shap_crossing,youden_index_fallback,yes,EN: Zero coefficient in SAGA Elastic Net model; XGB: No XGBoost SHAP zero-crossing found,3.801990909090909,6.429139518393182,3.801990909090909,4.677707112191666
CAPN9,0.48119203302805713,0.4676188747537623,0.9020412376590881,0.6169507151469692,0.48119203302805713,0.2016655848611086,0.21721118145266294,0.6169507151469692,0.2016655848611086,linear_coefficient_crossing,youden_index_fallback,polynomial_shap_crossing,yes,RF: No RF SHAP zero-crossing found,-1.771580869565214,-2.0027181818181816,5.395060236096611,0.5402537282377384
ANKLE2,0.8723688577723029,0.8633110872067616,0.8723688577723029,0.8693496009171224,0.8723688577723029,0.004269873992884083,0.004528885282770623,0.8693496009171224,0.004269873992884083,youden_index_fallback,polynomial_shap_crossing,youden_index_fallback,yes,EN: Zero coefficient in SAGA Elastic Net model; XGB: No XGBoost SHAP zero-crossing found,4.275098181818182,4.12723551199806,4.275098181818182,4.225810625211475
CDH3,0.6589750915684525,0.6583351866940997,0.9795470682938374,0.7656191155187965,0.6589750915684525,0.1512701316705805,0.1606059407998689,0.7656191155187965,0.1512701316705805,linear_coefficient_crossing,youden_index_fallback,polynomial_shap_crossing,yes,RF: No RF SHAP zero-crossing found,2.0477113043478283,2.0360454545454534,7.8919307832376315,3.99189584737697
COL17A1,0.5507342072721645,0.030860617642098197,0.9947088022709274,0.5254345423950634,0.5507342072721645,0.39389582847519694,0.4819240923144145,0.5254345423950634,0.39389582847519694,linear_coefficient_crossing,polynomial_shap_crossing,polynomial_shap_crossing,no,None,0.8269933333333348,-9.361021390006037,9.52760786898359,0.3311932707702958
DPCR1,0.4249694598250433,0.4249694598250433,0.4249694598250433,0.4249694598250433,0.4249694598250433,0.0,0.0,0.4249694598250433,0.0,youden_index_fallback,youden_index_fallback,youden_index_fallback,yes,EN: Zero coefficient in SAGA Elastic Net model; RF: No RF SHAP zero-crossing found; XGB: No XGBoost SHAP zero-crossing found,-1.7116181818181826,-1.7116181818181826,-1.7116181818181826,-1.7116181818181833
COLGALT1,0.8523413848219697,0.9444009881999672,0.8523413848219697,0.8830279192813023,0.8523413848219697,0.04339731321461733,0.04602980168899873,0.8830279192813023,0.04339731321461733,youden_index_fallback,polynomial_shap_crossing,youden_index_fallback,yes,EN: Zero coefficient in SAGA Elastic Net model; XGB: No XGBoost SHAP zero-crossing found,4.587247272727272,6.1590913527238795,4.587247272727272,5.11119529939281
LMNB1,0.7536663318841537,0.8187676156709661,0.7536663318841537,0.7753667598130912,0.7536663318841537,0.030689039486403287,0.032550641893406285,0.7753667598130912,0.030689039486403287,youden_index_fallback,polynomial_shap_crossing,youden_index_fallback,yes,EN: Zero coefficient in SAGA Elastic Net model; XGB: No XGBoost SHAP zero-crossing found,1.8632945454545455,2.885085235002083,1.8632945454545455,2.2038914419703914
UACA,0.8570501217569774,0.9485741509315679,0.8570501217569774,0.8875581314818409,0.8570501217569774,0.04314484111391227,0.04576201458729534,0.8875581314818409,0.04314484111391227,youden_index_fallback,polynomial_shap_crossing,youden_index_fallback,yes,EN: Zero coefficient in SAGA Elastic Net model; XGB: No XGBoost SHAP zero-crossing found,4.019458181818182,5.512938137486234,4.019458181818182,4.517284833707533
SPARC,0.7518529403166269,0.9361733329927779,0.7518529403166269,0.8132930712086771,0.7518529403166269,0.08688946638151579,0.09216019633807548,0.8132930712086771,0.08688946638151579,youden_index_fallback,polynomial_shap_crossing,youden_index_fallback,yes,EN: Zero coefficient in SAGA Elastic Net model; XGB: No XGBoost SHAP zero-crossing found,7.802890909090909,12.15897161328492,7.802890909090909,9.25491781048891
NT5C2,0.8682965726625589,0.9604559220544099,0.938488284178912,0.9224135929652936,0.938488284178912,0.03930337723650222,0.04607967469592544,0.9224135929652936,0.03930337723650222,youden_index_fallback,polynomial_shap_crossing,polynomial_shap_crossing,yes,EN: Zero coefficient in SAGA Elastic Net model,4.58606909090909,6.130576843302062,5.762419003382803,5.493021645864651
TXN,0.8559219416960783,0.8890142628298092,0.8559219416960783,0.8669527154073219,0.8559219416960783,0.015599869785909371,0.01654616056686542,0.8669527154073219,0.015599869785909371,youden_index_fallback,polynomial_shap_crossing,youden_index_fallback,yes,EN: Zero coefficient in SAGA Elastic Net model; XGB: No XGBoost SHAP zero-crossing found,6.582423636363636,7.222223954698966,6.582423636363636,6.795690409142081
PLS1,0.7594397546405329,0.7594397546405329,0.7594397546405329,0.759439754640533,0.7594397546405329,1.1102230246251565e-16,0.0,0.759439754640533,1.1102230246251565e-16,youden_index_fallback,youden_index_fallback,youden_index_fallback,yes,EN: Zero coefficient in SAGA Elastic Net model; RF: No RF SHAP zero-crossing found; XGB: No XGBoost SHAP zero-crossing found,2.836,2.836,2.836,2.836000000000002
RNF145,0.8088336370354198,0.0016423346751046313,0.8088336370354198,0.5397698695819814,0.8088336370354198,0.38051362907585307,0.40359565118015756,0.5397698695819814,0.38051362907585307,youden_index_fallback,polynomial_shap_crossing,youden_index_fallback,yes,EN: Zero coefficient in SAGA Elastic Net model; XGB: No XGBoost SHAP zero-crossing found,4.044492727272727,-9.937352135691707,4.044492727272727,-0.6161222270487521
LOXL1,0.7456719164366511,0.8434680618197335,0.7456719164366511,0.7782706315643453,0.7456719164366511,0.046101545049522054,0.04889807269154123,0.7782706315643453,0.046101545049522054,youden_index_fallback,polynomial_shap_crossing,youden_index_fallback,yes,EN: Zero coefficient in SAGA Elastic Net model; XGB: No XGBoost SHAP zero-crossing found,3.8119800000000015,5.618959378243217,3.8119800000000015,4.414306459414409
SLC16A1,0.7176798774401656,0.5292202757210848,0.8284982944598178,0.6917994825403561,0.7176798774401656,0.12354264919498564,0.14963900936936647,0.6917994825403561,0.12354264919498564,youden_index_fallback,polynomial_shap_crossing,polynomial_shap_crossing,yes,EN: Zero coefficient in SAGA Elastic Net model,1.3751927272727271,-1.6029024369727018,3.1263785985423787,0.9662229629474677
CLDN12,0.805650131495029,0.805650131495029,0.805650131495029,0.805650131495029,0.805650131495029,0.0,0.0,0.805650131495029,0.0,youden_index_fallback,youden_index_fallback,youden_index_fallback,yes,EN: Zero coefficient in SAGA Elastic Net model; RF: No RF SHAP zero-crossing found; XGB: No XGBoost SHAP zero-crossing found,3.607954545454545,3.607954545454545,3.607954545454545,3.607954545454545
PKM,0.8113617306432034,0.8040054329892078,0.7987943931531775,0.8047205189285296,0.8040054329892078,0.005155450437644578,0.00628366874501296,0.8047205189285296,0.005155450437644578,linear_coefficient_crossing,polynomial_shap_crossing,youden_index_fallback,yes,XGB: No XGBoost SHAP zero-crossing found,7.546631594202901,7.38785326563906,7.275378181818182,7.403287680553381
PYGB,0.7711624104929587,0.8078794807735609,0.7711624104929587,0.7834014339198262,0.7711624104929587,0.017308592920477872,0.018358535140301058,0.7834014339198262,0.017308592920477872,youden_index_fallback,polynomial_shap_crossing,youden_index_fallback,yes,EN: Zero coefficient in SAGA Elastic Net model; XGB: No XGBoost SHAP zero-crossing found,4.56236,5.254083902137348,4.56236,4.792934634045784
IDO1,0.5209846943029529,0.8914858299436458,0.49041629025611766,0.6342956048342389,0.5209846943029529,0.18228862782295413,0.20053476984376406,0.6342956048342389,0.18228862782295413,linear_coefficient_crossing,polynomial_shap_crossing,youden_index_fallback,yes,XGB: No XGBoost SHAP zero-crossing found,-0.4030217391304375,6.397600705781608,-0.9641109090909085,1.6768226858534216
PSMB8,0.839005834785503,0.0018939697290309334,0.839005834785503,0.5599685464333456,0.839005834785503,0.39461831759543303,0.41855593252823603,0.5599685464333456,0.39461831759543303,youden_index_fallback,polynomial_shap_crossing,youden_index_fallback,yes,EN: Zero coefficient in SAGA Elastic Net model; XGB: No XGBoost SHAP zero-crossing found,5.61621636363636,-9.930625194192437,5.61621636363636,0.4339358443600947
TMEM173,0.8181535122346647,0.8422649817880461,0.8181535122346647,0.8261906687524584,0.8181535122346647,0.011366255750379306,0.01205573477669064,0.8261906687524584,0.011366255750379306,youden_index_fallback,polynomial_shap_crossing,youden_index_fallback,yes,EN: Zero coefficient in SAGA Elastic Net model; XGB: No XGBoost SHAP zero-crossing found,4.1183036363636365,4.5333705289903214,4.1183036363636365,4.256659267239195
MMP13,0.2735167571831004,0.24547176876260945,0.24547176876260945,0.25482009823610646,0.24547176876260945,0.013220534326951576,0.014022494210245484,0.25482009823610646,0.013220534326951576,linear_coefficient_crossing,youden_index_fallback,youden_index_fallback,yes,RF: No RF SHAP zero-crossing found; XGB: No XGBoost SHAP zero-crossing found,-5.071682608695629,-5.5735,-5.5735,-5.406227536231876
PXDN,0.7169660210736699,0.7169660210736699,0.7169660210736699,0.7169660210736698,0.7169660210736699,1.1102230246251565e-16,0.0,0.7169660210736698,1.1102230246251565e-16,youden_index_fallback,youden_index_fallback,youden_index_fallback,yes,EN: Zero coefficient in SAGA Elastic Net model; RF: No RF SHAP zero-crossing found; XGB: No XGBoost SHAP zero-crossing found,1.8787654545454548,1.8787654545454548,1.8787654545454548,1.8787654545454533
CALM2,0.8804761346725599,0.36149277185256123,0.8804761346725599,0.7074816803992271,0.8804761346725599,0.24465110344867963,0.25949168140999934,0.7074816803992271,0.24465110344867963,youden_index_fallback,polynomial_shap_crossing,youden_index_fallback,yes,EN: Zero coefficient in SAGA Elastic Net model; XGB: No XGBoost SHAP zero-crossing found,7.724814545454546,-2.7026510786611535,7.724814545454546,4.248992670749313
SLC44A4,0.7740984388681964,0.7740984388681964,0.7740984388681964,0.7740984388681964,0.7740984388681964,0.0,0.0,0.7740984388681964,0.0,youden_index_fallback,youden_index_fallback,youden_index_fallback,yes,EN: Zero coefficient in SAGA Elastic Net model; RF: No RF SHAP zero-crossing found; XGB: No XGBoost SHAP zero-crossing found,4.548390909090909,4.548390909090909,4.548390909090909,4.548390909090909
LGR5,0.48599215083132247,0.48599215083132247,0.963642075206897,0.6452087922898473,0.48599215083132247,0.22516633370614025,0.23882496218778732,0.6452087922898473,0.22516633370614025,youden_index_fallback,youden_index_fallback,polynomial_shap_crossing,yes,EN: Zero coefficient in SAGA Elastic Net model; RF: No RF SHAP zero-crossing found,-2.6349,-2.6349,4.570162519250915,-0.23321249358302865
TIMP1,0.8127320901664025,0.8127320901664025,0.8127320901664025,0.8127320901664025,0.8127320901664025,0.0,0.0,0.8127320901664025,0.0,youden_index_fallback,youden_index_fallback,youden_index_fallback,yes,EN: Zero coefficient in SAGA Elastic Net model; RF: No RF SHAP zero-crossing found; XGB: No XGBoost SHAP zero-crossing found,8.438518181818182,8.438518181818182,8.438518181818182,8.438518181818184
KIF4A,0.568126912538124,0.4678629611657251,0.5574328177517244,0.5311408971518579,0.5574328177517244,0.044956748123976195,0.050131975686199426,0.5311408971518579,0.044956748123976195,linear_coefficient_crossing,polynomial_shap_crossing,youden_index_fallback,yes,XGB: No XGBoost SHAP zero-crossing found,-1.8600492753623166,-3.2905652015680165,-2.0126272727272716,-2.3877472498858676
NEK2,0.575015879302283,0.002521796385755452,0.6804421612696083,0.41932661231921564,0.575015879302283,0.29785160306362596,0.33896018244192644,0.41932661231921564,0.29785160306362596,linear_coefficient_crossing,polynomial_shap_crossing,youden_index_fallback,yes,XGB: No XGBoost SHAP zero-crossing found,-1.532157101449275,-9.928813316769402,0.014109090909090457,-3.8156204424365283
FBXL2,0.7501404782209178,0.7501404782209178,0.7501404782209178,0.7501404782209177,0.7501404782209178,1.1102230246251565e-16,0.0,0.7501404782209177,1.1102230246251565e-16,youden_index_fallback,youden_index_fallback,youden_index_fallback,yes,EN: Zero coefficient in SAGA Elastic Net model; RF: No RF SHAP zero-crossing found; XGB: No XGBoost SHAP zero-crossing found,1.3815,1.3815,1.3815,1.381499999999999
TFF1,0.5716120235084965,0.5716120235084965,0.5716120235084965,0.5716120235084965,0.5716120235084965,0.0,0.0,0.5716120235084965,0.0,youden_index_fallback,youden_index_fallback,youden_index_fallback,yes,EN: Zero coefficient in SAGA Elastic Net model; RF: No RF SHAP zero-crossing found; XGB: No XGBoost SHAP zero-crossing found,3.28108,3.28108,3.28108,3.281080000000001
HCP5,0.764258755754166,0.764258755754166,0.764258755754166,0.7642587557541661,0.764258755754166,1.1102230246251565e-16,0.0,0.7642587557541661,1.1102230246251565e-16,youden_index_fallback,youden_index_fallback,youden_index_fallback,yes,EN: Zero coefficient in SAGA Elastic Net model; RF: No RF SHAP zero-crossing found; XGB: No XGBoost SHAP zero-crossing found,2.9387090909090907,2.9387090909090907,2.9387090909090907,2.938709090909093
RNF149,0.909680863291542,0.9681989875569701,0.909680863291542,0.9291869047133514,0.909680863291542,0.02758570832693419,0.02925906213271412,0.9291869047133514,0.02758570832693419,youden_index_fallback,polynomial_shap_crossing,youden_index_fallback,yes,EN: Zero coefficient in SAGA Elastic Net model; XGB: No XGBoost SHAP zero-crossing found,4.999541818181817,5.962235184097225,4.999541818181817,5.320439606820287
GRAMD3,0.8253666449494077,0.8253666449494077,0.8253666449494077,0.8253666449494078,0.8253666449494077,1.1102230246251565e-16,0.0,0.8253666449494078,1.1102230246251565e-16,youden_index_fallback,youden_index_fallback,youden_index_fallback,yes,EN: Zero coefficient in SAGA Elastic Net model; RF: No RF SHAP zero-crossing found; XGB: No XGBoost SHAP zero-crossing found,2.4492,2.4492,2.4492,2.449200000000001
FAM91A1,0.838670621565742,0.9322220237357377,0.838670621565742,0.869854422289074,0.838670621565742,0.0441005539092759,0.046775701084997845,0.869854422289074,0.0441005539092759,youden_index_fallback,polynomial_shap_crossing,youden_index_fallback,yes,EN: Zero coefficient in SAGA Elastic Net model; XGB: No XGBoost SHAP zero-crossing found,2.9813454545454547,4.425563935825196,2.9813454545454547,3.4627516149720368
MMP1,0.5113773564350094,0.5875461371508507,0.5113773564350094,0.5367669500069564,0.5113773564350094,0.03590630757258835,0.03808439035792066,0.5367669500069564,0.03590630757258835,youden_index_fallback,polynomial_shap_crossing,youden_index_fallback,yes,EN: Zero coefficient in SAGA Elastic Net model; XGB: No XGBoost SHAP zero-crossing found,1.4276363636363638,3.1246691811072367,1.4276363636363638,1.9933139694599866
AMIGO2,0.688982984246939,0.688982984246939,0.688982984246939,0.6889829842469389,0.688982984246939,1.1102230246251565e-16,0.0,0.6889829842469389,1.1102230246251565e-16,youden_index_fallback,youden_index_fallback,youden_index_fallback,yes,EN: Zero coefficient in SAGA Elastic Net model; RF: No RF SHAP zero-crossing found; XGB: No XGBoost SHAP zero-crossing found,1.9094418181818182,1.9094418181818182,1.9094418181818182,1.909441818181815
IL18,0.8035530063047492,0.004004072966527832,0.8035530063047492,0.5370366951920088,0.8035530063047492,0.37691098176928484,0.3997744666691107,0.5370366951920088,0.37691098176928484,youden_index_fallback,polynomial_shap_crossing,youden_index_fallback,yes,EN: Zero coefficient in SAGA Elastic Net model; XGB: No XGBoost SHAP zero-crossing found,3.554541818181818,-9.898428669487092,3.554541818181818,-0.9297816777078189
GPX2,0.7373052052494592,0.7373052052494592,0.7373052052494592,0.7373052052494592,0.7373052052494592,0.0,0.0,0.7373052052494592,0.0,youden_index_fallback,youden_index_fallback,youden_index_fallback,yes,EN: Zero coefficient in SAGA Elastic Net model; RF: No RF SHAP zero-crossing found; XGB: No XGBoost SHAP zero-crossing found,5.619947272727269,5.619947272727269,5.619947272727269,5.619947272727268
CLDN4,0.8302169136853857,0.9398480208332093,0.8302169136853857,0.8667606160679936,0.8302169136853857,0.05168059952881,0.05481555357391177,0.8667606160679936,0.05168059952881,youden_index_fallback,polynomial_shap_crossing,youden_index_fallback,yes,EN: Zero coefficient in SAGA Elastic Net model; XGB: No XGBoost SHAP zero-crossing found,6.908192727272727,9.136423053830814,6.908192727272727,7.650936169458758
FAR2,0.6354626114697529,0.6354626114697529,0.6354626114697529,0.6354626114697529,0.6354626114697529,0.0,0.0,0.6354626114697529,0.0,youden_index_fallback,youden_index_fallback,youden_index_fallback,yes,EN: Zero coefficient in SAGA Elastic Net model; RF: No RF SHAP zero-crossing found; XGB: No XGBoost SHAP zero-crossing found,0.5695981818181819,0.5695981818181819,0.5695981818181819,0.569598181818181
MXRA5,0.7124256356787472,0.7124256356787472,0.7124256356787472,0.7124256356787472,0.7124256356787472,0.0,0.0,0.7124256356787472,0.0,youden_index_fallback,youden_index_fallback,youden_index_fallback,yes,EN: Zero coefficient in SAGA Elastic Net model; RF: No RF SHAP zero-crossing found; XGB: No XGBoost SHAP zero-crossing found,2.724709090909091,2.724709090909091,2.724709090909091,2.7247090909090907
TINAGL1,0.8095463111761108,0.8095463111761108,0.8095463111761108,0.8095463111761108,0.8095463111761108,0.0,0.0,0.8095463111761108,0.0,youden_index_fallback,youden_index_fallback,youden_index_fallback,yes,EN: Zero coefficient in SAGA Elastic Net model; RF: No RF SHAP zero-crossing found; XGB: No XGBoost SHAP zero-crossing found,5.412503636363636,5.412503636363636,5.412503636363636,5.4125036363636365
UBA6,0.8305916993223494,0.9510129475676532,0.8305916993223494,0.8707321154041173,0.8305916993223494,0.05676712082213529,0.06021062412265188,0.8707321154041173,0.05676712082213529,youden_index_fallback,polynomial_shap_crossing,youden_index_fallback,yes,EN: Zero coefficient in SAGA Elastic Net model; XGB: No XGBoost SHAP zero-crossing found,2.2409909090909093,4.010761783928015,2.2409909090909093,2.8309145340366104
OLFML2B,0.7082798250378798,0.7082798250378798,0.5332350276444233,0.649931559240061,0.7082798250378798,0.08251690883222558,0.08752239869672829,0.649931559240061,0.08251690883222558,youden_index_fallback,youden_index_fallback,polynomial_shap_crossing,yes,EN: Zero coefficient in SAGA Elastic Net model; RF: No RF SHAP zero-crossing found,2.4216599999999997,2.4216599999999997,-0.6397859840128586,1.4011780053290455
ADAM22,0.6472613129477494,0.6472613129477494,0.5770725501540259,0.6238650586831749,0.6472613129477494,0.03308730008969059,0.03509438139686172,0.6238650586831749,0.03308730008969059,youden_index_fallback,youden_index_fallback,polynomial_shap_crossing,yes,EN: Zero coefficient in SAGA Elastic Net model; RF: No RF SHAP zero-crossing found,-0.9546927272727268,-0.9546927272727268,-1.9318536640106654,-1.2804130395187077
NCEH1,0.7689770139409297,0.939633038343702,0.7689770139409297,0.8258623554085204,0.7689770139409297,0.08044802140369153,0.0853280122013862,0.8258623554085204,0.08044802140369153,youden_index_fallback,polynomial_shap_crossing,youden_index_fallback,yes,EN: Zero coefficient in SAGA Elastic Net model; XGB: No XGBoost SHAP zero-crossing found,2.021398181818182,4.6816696182208,2.021398181818182,2.9081553272857192
IFI44,0.2551002009921401,0.8788790477926957,0.2551002009921401,0.4630264832589919,0.2551002009921401,0.2940521683555983,0.31188942340027775,0.4630264832589919,0.2940521683555983,youden_index_fallback,polynomial_shap_crossing,youden_index_fallback,yes,EN: Zero coefficient in SAGA Elastic Net model; XGB: No XGBoost SHAP zero-crossing found,3.504176363636364,11.863873334803369,3.504176363636364,6.290742020692032
GBP2,0.7945402388418228,0.8179147211717926,0.7945402388418228,0.8023317329518127,0.7945402388418228,0.01101883664149788,0.011687241164984874,0.8023317329518127,0.01101883664149788,youden_index_fallback,polynomial_shap_crossing,youden_index_fallback,yes,EN: Zero coefficient in SAGA Elastic Net model; XGB: No XGBoost SHAP zero-crossing found,3.9383363636363637,4.347380454617904,3.9383363636363637,4.074684393963542
NMU,0.4753607704058392,0.4544745823315784,0.4544745823315784,0.4614366450229987,0.4544745823315784,0.00984584348029827,0.010443094037130396,0.4614366450229987,0.00984584348029827,linear_coefficient_crossing,youden_index_fallback,youden_index_fallback,yes,RF: No RF SHAP zero-crossing found; XGB: No XGBoost SHAP zero-crossing found,-1.868266956521731,-2.224052727272727,-2.224052727272727,-2.105457470355728
IFI44L,0.6534188075425736,0.6534188075425736,0.6534188075425736,0.6534188075425736,0.6534188075425736,0.0,0.0,0.6534188075425736,0.0,youden_index_fallback,youden_index_fallback,youden_index_fallback,yes,EN: Zero coefficient in SAGA Elastic Net model; RF: No RF SHAP zero-crossing found; XGB: No XGBoost SHAP zero-crossing found,1.1147454545454545,1.1147454545454545,1.1147454545454545,1.1147454545454547
GPSM2,0.7729465677621657,0.7729465677621657,0.9270508338484799,0.8243146564576037,0.7729465677621657,0.07264544770627254,0.07705213304315706,0.8243146564576037,0.07264544770627254,youden_index_fallback,youden_index_fallback,polynomial_shap_crossing,yes,EN: Zero coefficient in SAGA Elastic Net model; RF: No RF SHAP zero-crossing found,1.072881818181818,1.072881818181818,3.2736910734402946,1.8064849032679753
SLC5A3,0.7658007185841231,0.9053328281614456,0.9572095682921479,0.8761143716792388,0.9053328281614456,0.08082749361464929,0.09570442485401243,0.8761143716792388,0.08082749361464929,youden_index_fallback,polynomial_shap_crossing,polynomial_shap_crossing,yes,EN: Zero coefficient in SAGA Elastic Net model,0.3928800000000002,2.2802750334086106,2.9819909464605687,1.8850486599563911
PDGFC,0.7647194644262232,0.7647194644262232,0.7647194644262232,0.7647194644262232,0.7647194644262232,0.0,0.0,0.7647194644262232,0.0,youden_index_fallback,youden_index_fallback,youden_index_fallback,yes,EN: Zero coefficient in SAGA Elastic Net model; RF: No RF SHAP zero-crossing found; XGB: No XGBoost SHAP zero-crossing found,2.9689709090909093,2.9689709090909093,2.9689709090909093,2.9689709090909098
TYMS,0.796401707641529,0.796401707641529,0.796401707641529,0.796401707641529,0.796401707641529,0.0,0.0,0.796401707641529,0.0,youden_index_fallback,youden_index_fallback,youden_index_fallback,yes,EN: Zero coefficient in SAGA Elastic Net model; RF: No RF SHAP zero-crossing found; XGB: No XGBoost SHAP zero-crossing found,3.041829090909091,3.041829090909091,3.041829090909091,3.0418290909090917
MVP,0.9054691135269066,0.9054691135269066,0.9054691135269066,0.9054691135269066,0.9054691135269066,0.0,0.0,0.9054691135269066,0.0,youden_index_fallback,youden_index_fallback,youden_index_fallback,yes,EN: Zero coefficient in SAGA Elastic Net model; RF: No RF SHAP zero-crossing found; XGB: No XGBoost SHAP zero-crossing found,6.804574545454544,6.804574545454544,6.804574545454544,6.804574545454544
LGALS3BP,0.8126218298863015,0.8182414025493643,0.8155354301474488,0.8154662208610381,0.8155354301474488,0.0022947028381113967,0.002809786331531283,0.8154662208610381,0.0022947028381113967,linear_coefficient_crossing,polynomial_shap_crossing,youden_index_fallback,yes,XGB: No XGBoost SHAP zero-crossing found,6.7482057971014475,6.863789167635323,6.808132727272727,6.80670923066983
KIAA1551,0.7930590909090909,0.7930590909090909,0.9386741388140033,0.8415974402107284,0.7930590909090909,0.06864359187757836,0.07280752395245615,0.8415974402107284,0.06864359187757836,youden_index_fallback,youden_index_fallback,polynomial_shap_crossing,yes,EN: Zero coefficient in SAGA Elastic Net model; RF: No RF SHAP zero-crossing found,3.3575927272727273,3.3575927272727273,5.803925532075256,4.173036995540237
MMP11,0.6252800455959618,0.5270452719262672,0.5270452719262672,0.5597901964828321,0.5270452719262672,0.046308316406777884,0.04911738683484734,0.5597901964828321,0.046308316406777884,linear_coefficient_crossing,youden_index_fallback,youden_index_fallback,yes,RF: No RF SHAP zero-crossing found; XGB: No XGBoost SHAP zero-crossing found,3.574389275362316,1.4471545454545476,1.4471545454545476,2.156232788757137
SEMA3C,0.3809856328309323,0.3809856328309323,0.3809856328309323,0.3809856328309323,0.3809856328309323,0.0,0.0,0.3809856328309323,0.0,youden_index_fallback,youden_index_fallback,youden_index_fallback,yes,EN: Zero coefficient in SAGA Elastic Net model; RF: No RF SHAP zero-crossing found; XGB: No XGBoost SHAP zero-crossing found,0.6596418181818182,0.6596418181818182,0.6596418181818182,0.659641818181818
CRIP1,0.7275123328904951,0.0003281905744609899,0.6598267441084636,0.4625557558578066,0.6598267441084636,0.32801023999566403,0.363592071158017,0.4625557558578066,0.32801023999566403,linear_coefficient_crossing,polynomial_shap_crossing,youden_index_fallback,yes,XGB: No XGBoost SHAP zero-crossing found,5.69594,-9.958734778951118,4.238818181818184,-0.007992199044311477
PTK7,0.7956864872714363,0.7956864872714363,0.7956864872714363,0.7956864872714363,0.7956864872714363,0.0,0.0,0.7956864872714363,0.0,youden_index_fallback,youden_index_fallback,youden_index_fallback,yes,EN: Zero coefficient in SAGA Elastic Net model; RF: No RF SHAP zero-crossing found; XGB: No XGBoost SHAP zero-crossing found,4.380109090909091,4.380109090909091,4.380109090909091,4.380109090909091
FXYD5,0.7472539776853502,0.8045454524827135,0.8748843597511249,0.8088945966397295,0.8045454524827135,0.0521955610995021,0.06381519103288724,0.8088945966397295,0.0521955610995021,youden_index_fallback,polynomial_shap_crossing,polynomial_shap_crossing,yes,EN: Zero coefficient in SAGA Elastic Net model,5.468730909090909,6.652086321030448,8.104936450659485,6.741917893593614
MIR31HG,0.49397598479845833,0.49397598479845833,0.49397598479845833,0.49397598479845833,0.49397598479845833,0.0,0.0,0.49397598479845833,0.0,youden_index_fallback,youden_index_fallback,youden_index_fallback,yes,EN: Zero coefficient in SAGA Elastic Net model; RF: No RF SHAP zero-crossing found; XGB: No XGBoost SHAP zero-crossing found,-2.6349,-2.6349,-2.6349,-2.6349
MUC4,0.34421257251775594,0.8211355668635254,0.8112526585864698,0.6588669326559171,0.8112526585864698,0.22253081095205648,0.23846149717288478,0.6588669326559171,0.22253081095205648,youden_index_fallback,polynomial_shap_crossing,polynomial_shap_crossing,yes,EN: Zero coefficient in SAGA Elastic Net model,-0.0574,6.247951215945983,6.1172902739058586,4.102613829950615
TIMP2,0.7728301954191588,0.7728301954191588,0.7728301954191588,0.7728301954191586,0.7728301954191588,1.1102230246251565e-16,0.0,0.7728301954191586,1.1102230246251565e-16,youden_index_fallback,youden_index_fallback,youden_index_fallback,yes,EN: Zero coefficient in SAGA Elastic Net model; RF: No RF SHAP zero-crossing found; XGB: No XGBoost SHAP zero-crossing found,5.768636363636364,5.768636363636364,5.768636363636364,5.768636363636361
RHPN2,0.7714200211584521,0.7714200211584521,0.7714200211584521,0.7714200211584522,0.7714200211584521,1.1102230246251565e-16,0.0,0.7714200211584522,1.1102230246251565e-16,youden_index_fallback,youden_index_fallback,youden_index_fallback,yes,EN: Zero coefficient in SAGA Elastic Net model; RF: No RF SHAP zero-crossing found; XGB: No XGBoost SHAP zero-crossing found,3.0401872727272723,3.0401872727272723,3.0401872727272723,3.040187272727273
CNN2,0.8628093447881316,0.25757047114902454,0.8628093447881316,0.661063053575096,0.8628093447881316,0.2853123411919471,0.3026194368195535,0.661063053575096,0.2853123411919471,youden_index_fallback,polynomial_shap_crossing,youden_index_fallback,yes,EN: Zero coefficient in SAGA Elastic Net model; XGB: No XGBoost SHAP zero-crossing found,5.726027272727272,-5.281391598259805,5.726027272727272,2.0568876490649135
MUC16,0.4733043726065361,0.4733043726065361,0.4733043726065361,0.4733043726065361,0.4733043726065361,0.0,0.0,0.4733043726065361,0.0,youden_index_fallback,youden_index_fallback,youden_index_fallback,yes,EN: Zero coefficient in SAGA Elastic Net model; RF: No RF SHAP zero-crossing found; XGB: No XGBoost SHAP zero-crossing found,-1.4199109090909074,-1.4199109090909074,-1.4199109090909074,-1.4199109090909072
ESM1,0.5783161302809227,0.5874405533938607,0.5874405533938607,0.5843990790228814,0.5874405533938607,0.004301294305049171,0.004562211556468965,0.5843990790228814,0.004301294305049171,linear_coefficient_crossing,youden_index_fallback,youden_index_fallback,yes,RF: No RF SHAP zero-crossing found; XGB: No XGBoost SHAP zero-crossing found,-0.3347544927536241,-0.1828,-0.1828,-0.23345149758454298
TMEM45B,0.6735897334947192,0.6823850312078502,0.6823850312078502,0.6794532653034732,0.6823850312078502,0.004146143103672992,0.0043976488565654615,0.6794532653034732,0.004146143103672992,linear_coefficient_crossing,youden_index_fallback,youden_index_fallback,yes,RF: No RF SHAP zero-crossing found; XGB: No XGBoost SHAP zero-crossing found,1.6385344927536236,1.7900563636363607,1.7900563636363607,1.739549073342113
NMI,0.8299968739583459,0.3919552096499537,0.8299968739583459,0.6839829858555485,0.8299968739583459,0.20649482084980358,0.2190208321541961,0.6839829858555485,0.20649482084980358,youden_index_fallback,polynomial_shap_crossing,youden_index_fallback,yes,EN: Zero coefficient in SAGA Elastic Net model; XGB: No XGBoost SHAP zero-crossing found,3.140763636363636,-3.776396088896616,3.140763636363636,0.8350437279435532
SLC2A1,0.6659719948276742,0.670584007252083,0.6659719948276742,0.6675093323024771,0.6659719948276742,0.002174123506810707,0.0023060062122043368,0.6675093323024771,0.002174123506810707,youden_index_fallback,polynomial_shap_crossing,youden_index_fallback,yes,EN: Zero coefficient in SAGA Elastic Net model; XGB: No XGBoost SHAP zero-crossing found,3.438950909090909,3.531781956370652,3.438950909090909,3.4698945915174892
MFAP2,0.7817019892173266,0.964399831702677,0.7817019892173266,0.8426012700457767,0.7817019892173266,0.08612458888636199,0.09134892124267513,0.8426012700457767,0.08612458888636199,youden_index_fallback,polynomial_shap_crossing,youden_index_fallback,yes,EN: Zero coefficient in SAGA Elastic Net model; XGB: No XGBoost SHAP zero-crossing found,4.712687272727272,8.143314279780185,4.712687272727272,5.856229608411576
RASA2,0.8467489115319745,0.03871307182695559,0.8672072252778454,0.5842230695455918,0.8467489115319745,0.3858242292880451,0.4142470767254449,0.5842230695455918,0.3858242292880451,linear_coefficient_crossing,polynomial_shap_crossing,youden_index_fallback,yes,XGB: No XGBoost SHAP zero-crossing found,1.6239063768115949,-9.43592257198291,1.9039254545454543,-1.9693635802086211
NQO1,0.7308429063985314,0.7641234929381313,0.6872351313142472,0.7274005102169699,0.7308429063985314,0.03148378002405277,0.03844418081194201,0.7274005102169699,0.03148378002405277,linear_coefficient_crossing,polynomial_shap_crossing,youden_index_fallback,yes,XGB: No XGBoost SHAP zero-crossing found,4.589009565217394,5.251795774212179,3.720556363636364,4.520453901021977
LGALS1,0.8030654588824382,0.8030654588824382,0.8030654588824382,0.8030654588824383,0.8030654588824382,1.1102230246251565e-16,0.0,0.8030654588824383,1.1102230246251565e-16,youden_index_fallback,youden_index_fallback,youden_index_fallback,yes,EN: Zero coefficient in SAGA Elastic Net model; RF: No RF SHAP zero-crossing found; XGB: No XGBoost SHAP zero-crossing found,7.810214545454546,7.810214545454546,7.810214545454546,7.8102145454545475
L3MBTL3,0.8048649329294036,0.8048649329294036,0.8048649329294036,0.8048649329294036,0.8048649329294036,0.0,0.0,0.8048649329294036,0.0,youden_index_fallback,youden_index_fallback,youden_index_fallback,yes,EN: Zero coefficient in SAGA Elastic Net model; RF: No RF SHAP zero-crossing found; XGB: No XGBoost SHAP zero-crossing found,0.90044,0.90044,0.90044,0.9004399999999997
