gene_A,gene_B,K_final_A,K_final_B,discovery_sensitivity,discovery_specificity,GSE62452_sensitivity,GSE62452_specificity,tumor_spearman_r,threshold_instability_A,threshold_instability_B,mean_threshold_instability,performance_score,redundancy_penalty,threshold_instability_penalty,pair_score,redundancy_category
OCIAD2,EDIL3,0.796545245774221,0.6311502155526197,0.9831460674157303,1.0,0.8115942028985508,0.639344262295082,0.012073271608729879,0.00957360595802697,0.03610149953278518,0.022837552745406074,0.8585211331523408,0.002414654321745976,0.0022837552745406074,0.8538227235560543,weak correlation / high independence
OCIAD2,ETV1,0.796545245774221,0.6641001764469112,0.9831460674157303,1.0,0.8115942028985508,0.639344262295082,0.13406041107478056,0.00957360595802697,0.02482275843931166,0.017198182198669316,0.8585211331523408,0.026812082214956113,0.0017198182198669316,0.8299892327175178,weak correlation / high independence
OCIAD2,MMP9,0.796545245774221,0.5052459001107324,0.9719101123595506,1.0,0.8115942028985508,0.639344262295082,0.1323690015866817,0.00957360595802697,0.0779806405713783,0.043777123264702636,0.8557121443882958,0.02647380031733634,0.004377712326470264,0.8248606317444892,weak correlation / high independence
OCIAD2,RCN1,0.796545245774221,0.8497562945311693,0.9438202247191011,1.0,0.8115942028985508,0.639344262295082,0.15218604393847004,0.00957360595802697,0.041475064871972264,0.025524335414999617,0.8486896724781835,0.03043720878769401,0.002552433541499962,0.8157000301489896,weak correlation / high independence
SDC1,ETV1,0.8187216314358295,0.6641001764469112,0.7921348314606742,1.0,0.6376811594202898,0.9508196721311475,0.12630129786703514,0.08453034283497024,0.02482275843931166,0.05467655063714095,0.8451589157530279,0.02526025957340703,0.005467655063714095,0.8144310011159068,weak correlation / high independence
OCIAD2,GRN,0.796545245774221,0.8150381531247665,0.9831460674157303,1.0,0.7971014492753623,0.639344262295082,0.20336972439927828,0.00957360595802697,0.022702682080163877,0.016138144019095423,0.8548979447465437,0.04067394487985566,0.0016138144019095424,0.8126101854647785,low-to-moderate correlation / partial independence
SDC1,EDIL3,0.8187216314358295,0.6311502155526197,0.7921348314606742,1.0,0.6376811594202898,0.9508196721311475,0.16396796561457802,0.08453034283497024,0.03610149953278518,0.06031592118387771,0.8451589157530279,0.032793593122915604,0.0060315921183877715,0.8063337305117245,weak correlation / high independence
MMP12,SDC1,0.39736509818459975,0.8187216314358295,0.7921348314606742,1.0,0.6376811594202898,0.9508196721311475,0.18335883190815774,0.02207993458626133,0.08453034283497024,0.05330513871061578,0.8451589157530279,0.03667176638163155,0.005330513871061579,0.8031566355003349,weak correlation / high independence
OCIAD2,MMP12,0.796545245774221,0.39736509818459975,0.9662921348314607,1.0,0.8115942028985508,0.639344262295082,0.26501560768543336,0.00957360595802697,0.02207993458626133,0.01582677027214415,0.8543076500062734,0.053003121537086674,0.0015826770272144152,0.7997218514419724,low-to-moderate correlation / partial independence
GRN,SDC1,0.8150381531247665,0.8187216314358295,0.797752808988764,1.0,0.6376811594202898,0.9508196721311475,0.2597037966186093,0.022702682080163877,0.08453034283497024,0.05361651245756706,0.8465634101350503,0.051940759323721865,0.005361651245756706,0.7892609995655717,low-to-moderate correlation / partial independence
RCN1,SDC1,0.8497562945311693,0.8187216314358295,0.7865168539325843,1.0,0.6376811594202898,0.9508196721311475,0.28948904092177064,0.041475064871972264,0.08453034283497024,0.06300270385347126,0.8437544213710053,0.05789780818435413,0.006300270385347126,0.7795563428013041,low-to-moderate correlation / partial independence
MMP9,SDC1,0.5052459001107324,0.8187216314358295,0.7921348314606742,1.0,0.6376811594202898,0.9508196721311475,0.29355092504875435,0.0779806405713783,0.08453034283497024,0.08125549170317427,0.8451589157530279,0.05871018500975087,0.008125549170317428,0.7783231815729597,low-to-moderate correlation / partial independence
OCIAD2,CCNB1,0.796545245774221,0.7228724824339547,0.9775280898876404,1.0,0.8115942028985508,0.639344262295082,0.4471429977317774,0.00957360595802697,0.04176615865950621,0.02566988230876659,0.8571166387703183,0.08942859954635549,0.002566988230876659,0.7651210509930861,moderate correlation
CCNB1,SDC1,0.7228724824339547,0.8187216314358295,0.797752808988764,1.0,0.6376811594202898,0.9508196721311475,0.39230259780724536,0.04176615865950621,0.08453034283497024,0.06314825074723823,0.8465634101350503,0.07846051956144907,0.006314825074723824,0.7617880654988775,low-to-moderate correlation / partial independence
CST1,SDC1,0.5436593060985359,0.8187216314358295,0.7752808988764045,1.0,0.6376811594202898,0.9508196721311475,0.3131250478761847,0.2613835538362081,0.08453034283497024,0.17295694833558917,0.8409454326069603,0.06262500957523695,0.017295694833558917,0.7610247281981644,low-to-moderate correlation / partial independence
SDC1,TOP2A,0.8187216314358295,0.7642964013003924,0.7696629213483146,1.0,0.6376811594202898,0.9508196721311475,0.34492021991101746,0.08453034283497024,0.12468589671829405,0.10460811977663215,0.8395409382249379,0.0689840439822035,0.010460811977663215,0.7600960822650712,low-to-moderate correlation / partial independence
AGR2,SDC1,0.42747807269657895,0.8187216314358295,0.797752808988764,1.0,0.6376811594202898,0.9508196721311475,0.34277376269909754,0.2900457034734938,0.08453034283497024,0.18728802315423201,0.8465634101350503,0.0685547525398195,0.0187288023154232,0.7592798552798077,low-to-moderate correlation / partial independence
PLAC8,SDC1,0.6220726772459807,0.8187216314358295,0.7921348314606742,1.0,0.6376811594202898,0.9508196721311475,0.4246835927860708,0.023424625728514163,0.08453034283497024,0.053977484281742205,0.8451589157530279,0.08493671855721417,0.005397748428174221,0.7548244487676395,moderate correlation
CEACAM5,SDC1,0.3827813825580026,0.8187216314358295,0.7808988764044944,1.0,0.6376811594202898,0.9508196721311475,0.396606332194781,0.09847649330690951,0.08453034283497024,0.09150341807093987,0.8423499269889829,0.0793212664389562,0.009150341807093986,0.7538783187429328,low-to-moderate correlation / partial independence
OCIAD2,CST1,0.796545245774221,0.5436593060985359,0.9213483146067416,1.0,0.8115942028985508,0.639344262295082,0.4148604999534227,0.00957360595802697,0.2613835538362081,0.13547857989711753,0.8430716949500936,0.08297209999068456,0.013547857989711753,0.7465517369696972,moderate correlation
SDC1,PTPRR,0.8187216314358295,0.5441886518479988,0.7865168539325843,1.0,0.6376811594202898,0.9508196721311475,0.4597785773840644,0.08453034283497024,0.02621672664746668,0.055373534741218464,0.8437544213710053,0.09195571547681289,0.005537353474121847,0.7462613524200705,moderate correlation
CCNB1,GRN,0.7228724824339547,0.8150381531247665,0.9775280898876404,0.9940119760479041,0.9710144927536232,0.08196721311475409,0.049149561614919186,0.04176615865950621,0.022702682080163877,0.032234420369835044,0.7561304429509804,0.009829912322983837,0.0032234420369835048,0.7430770885910131,weak correlation / high independence
OCIAD2,PTPRR,0.796545245774221,0.5441886518479988,0.9662921348314607,1.0,0.8115942028985508,0.639344262295082,0.5485582846388304,0.00957360595802697,0.02621672664746668,0.017895166302746825,0.8543076500062734,0.10971165692776608,0.0017895166302746826,0.7428064764482326,moderate correlation
OCIAD2,TOP2A,0.796545245774221,0.7642964013003924,0.898876404494382,1.0,0.8115942028985508,0.639344262295082,0.448581406545225,0.00957360595802697,0.12468589671829405,0.06712975133816051,0.8374537174220037,0.089716281309045,0.0067129751338160515,0.7410244609791427,moderate correlation
PLAC8,RCN1,0.6220726772459807,0.8497562945311693,0.9382022471910112,0.9880239520958084,1.0,0.04918032786885246,-0.0066515768503431225,0.023424625728514163,0.041475064871972264,0.03244984530024321,0.743851631788918,0.0013303153700686245,0.003244984530024321,0.739276331888825,weak correlation / high independence
SDC1,TPX2,0.8187216314358295,0.7229964697986911,0.7752808988764045,1.0,0.6376811594202898,0.9508196721311475,0.4445203369872364,0.08453034283497024,0.17221193540680635,0.1283711391208883,0.8409454326069603,0.08890406739744729,0.01283711391208883,0.7392042512974242,moderate correlation
OCIAD2,CEACAM5,0.796545245774221,0.3827813825580026,0.9438202247191011,1.0,0.8115942028985508,0.639344262295082,0.5234417140917473,0.00957360595802697,0.09847649330690951,0.054025049632468236,0.8486896724781835,0.10468834281834948,0.005402504963246824,0.7385988246965872,moderate correlation
OCIAD2,PLAC8,0.796545245774221,0.6220726772459807,0.9775280898876404,1.0,0.8115942028985508,0.639344262295082,0.6124575499403421,0.00957360595802697,0.023424625728514163,0.016499115843270566,0.8571166387703183,0.12249150998806842,0.0016499115843270568,0.7329752171979228,high redundancy risk
OCIAD2,TPX2,0.796545245774221,0.7229964697986911,0.898876404494382,1.0,0.8115942028985508,0.639344262295082,0.48108493705419736,0.00957360595802697,0.17221193540680635,0.09089277068241666,0.8374537174220037,0.09621698741083948,0.009089277068241667,0.7321474529429225,moderate correlation
PLAC8,EDIL3,0.6220726772459807,0.6311502155526197,0.9775280898876404,0.9880239520958084,1.0,0.0,0.036776279847418804,0.023424625728514163,0.03610149953278518,0.02976306263064967,0.7413880104958622,0.007355255969483761,0.002976306263064967,0.7310564482633135,weak correlation / high independence
MISP,SDC1,0.4408376629769242,0.8187216314358295,0.797752808988764,1.0,0.6376811594202898,0.9508196721311475,0.4893350930417208,0.29398990912350004,0.08453034283497024,0.18926012597923514,0.8465634101350503,0.09786701860834417,0.018926012597923515,0.7297703789287827,moderate correlation
GRN,ETV1,0.8150381531247665,0.6641001764469112,0.9775280898876404,0.9940119760479041,0.9710144927536232,0.08196721311475409,0.12480656732217825,0.022702682080163877,0.02482275843931166,0.023762720259737767,0.7561304429509804,0.024961313464435652,0.002376272025973777,0.728792857460571,weak correlation / high independence
OCIAD2,SDC1,0.796545245774221,0.8187216314358295,0.797752808988764,1.0,0.6231884057971014,0.9672131147540983,0.5725783543225074,0.00957360595802697,0.08453034283497024,0.04705197439649861,0.847038582384991,0.11451567086450148,0.004705197439649861,0.7278177140808396,moderate correlation
CCNB1,EDIL3,0.7228724824339547,0.6311502155526197,0.9719101123595506,1.0,1.0,0.0,0.061582507559105715,0.04176615865950621,0.03610149953278518,0.03893382909614569,0.7429775280898876,0.012316501511821143,0.0038933829096145693,0.7267676436684518,weak correlation / high independence
OCIAD2,AGR2,0.796545245774221,0.42747807269657895,0.9719101123595506,1.0,0.8115942028985508,0.639344262295082,0.5719846924608135,0.00957360595802697,0.2900457034734938,0.14980965471576038,0.8557121443882958,0.1143969384921627,0.01498096547157604,0.7263342404245571,moderate correlation
CCNB1,ETV1,0.7228724824339547,0.6641001764469112,0.9719101123595506,1.0,1.0,0.0,0.06701009814076637,0.04176615865950621,0.02482275843931166,0.033294458549408934,0.7429775280898876,0.013402019628153275,0.0033294458549408936,0.7262460626067935,weak correlation / high independence
AGR2,GRN,0.42747807269657895,0.8150381531247665,0.9662921348314607,0.9760479041916168,0.9710144927536232,0.08196721311475409,0.051091120228833144,0.2900457034734938,0.022702682080163877,0.15637419277682885,0.7488304362228636,0.01021822404576663,0.015637419277682887,0.722974792899414,weak correlation / high independence
PLAC8,ETV1,0.6220726772459807,0.6641001764469112,0.9775280898876404,0.9880239520958084,1.0,0.0,0.08673129586802168,0.023424625728514163,0.02482275843931166,0.024123692083912913,0.7413880104958622,0.01734625917360434,0.0024123692083912913,0.7216293821138666,weak correlation / high independence
GRN,RCN1,0.8150381531247665,0.8497562945311693,0.9438202247191011,0.9940119760479041,0.9710144927536232,0.09836065573770492,0.13977772765573532,0.022702682080163877,0.041475064871972264,0.03208887347606807,0.7518018373145834,0.027955545531147066,0.003208887347606807,0.7206374044358295,weak correlation / high independence
CEACAM5,RCN1,0.3827813825580026,0.8497562945311693,0.898876404494382,1.0,1.0,0.04918032786885246,-0.05024967377774767,0.09847649330690951,0.041475064871972264,0.06997577908944089,0.7370141830908086,0.010049934755549536,0.006997577908944089,0.719966670426315,weak correlation / high independence
CEACAM5,GRN,0.3827813825580026,0.8150381531247665,0.9382022471910112,1.0,0.9710144927536232,0.08196721311475409,0.1096798526269142,0.09847649330690951,0.022702682080163877,0.060589587693536694,0.7477959882648471,0.02193597052538284,0.00605895876935367,0.7198010589701105,weak correlation / high independence
LAMA3,SDC1,0.5507459804792868,0.8187216314358295,0.797752808988764,1.0,0.6376811594202898,0.9508196721311475,0.5128291605004208,0.40231310213542243,0.08453034283497024,0.24342172248519633,0.8465634101350503,0.10256583210008417,0.024342172248519634,0.7196554057864465,moderate correlation
MISP,OCIAD2,0.4408376629769242,0.796545245774221,0.9831460674157303,1.0,0.8115942028985508,0.639344262295082,0.6247794380105327,0.29398990912350004,0.00957360595802697,0.1517817575407635,0.8585211331523408,0.12495588760210655,0.015178175754076352,0.718387069796158,high redundancy risk
CEACAM5,EDIL3,0.3827813825580026,0.6311502155526197,0.9382022471910112,1.0,1.0,0.0,-0.04781549175972602,0.09847649330690951,0.03610149953278518,0.06728899641984734,0.7345505617977528,0.009563098351945205,0.0067288996419847345,0.7182585638038228,weak correlation / high independence
MMP12,RCN1,0.39736509818459975,0.8497562945311693,0.9213483146067416,0.9880239520958084,1.0,0.04918032786885246,-0.09248325525278289,0.02207993458626133,0.041475064871972264,0.031777499729116795,0.7396381486428506,0.01849665105055658,0.0031777499729116797,0.7179637476193824,weak correlation / high independence
GRN,PTPRR,0.8150381531247665,0.5441886518479988,0.9606741573033708,0.9940119760479041,0.9710144927536232,0.08196721311475409,0.1655946799852134,0.022702682080163877,0.02621672664746668,0.02445970436381528,0.751916959804913,0.03311893599704268,0.002445970436381528,0.7163520533714889,weak correlation / high independence
PLAC8,GRN,0.6220726772459807,0.8150381531247665,0.9719101123595506,0.9940119760479041,0.9710144927536232,0.08196721311475409,0.18085916200986143,0.023424625728514163,0.022702682080163877,0.02306365390433902,0.7547259485689579,0.03617183240197229,0.002306365390433902,0.7162477507765517,weak correlation / high independence
PLAC8,MMP9,0.6220726772459807,0.5052459001107324,0.9606741573033708,0.9940119760479041,1.0,0.0,0.09052695189911635,0.023424625728514163,0.0779806405713783,0.05070263314994623,0.7386715333378188,0.01810539037982327,0.0050702633149946235,0.7154958796430009,weak correlation / high independence
CEACAM5,ETV1,0.3827813825580026,0.6641001764469112,0.9382022471910112,1.0,1.0,0.0,0.0710854589461925,0.09847649330690951,0.02482275843931166,0.06164962587311058,0.7345505617977528,0.014217091789238502,0.006164962587311059,0.7141685074212033,weak correlation / high independence
CST1,RCN1,0.5436593060985359,0.8497562945311693,0.8820224719101124,1.0,1.0,0.04918032786885246,-0.018526960856026092,0.2613835538362081,0.041475064871972264,0.15142930935409019,0.7328006999447412,0.0037053921712052185,0.01514293093540902,0.713952376838127,weak correlation / high independence
GRN,EDIL3,0.8150381531247665,0.6311502155526197,0.9775280898876404,0.9940119760479041,0.9710144927536232,0.08196721311475409,0.196570584737011,0.022702682080163877,0.03610149953278518,0.02940209080647453,0.7561304429509804,0.0393141169474022,0.002940209080647453,0.7138761169229308,weak correlation / high independence
MMP9,ETV1,0.5052459001107324,0.6641001764469112,0.9662921348314607,0.9940119760479041,1.0,0.0,0.1069810468619287,0.0779806405713783,0.02482275843931166,0.051401699505344976,0.7400760277198413,0.021396209372385743,0.005140169950534498,0.7135396483969211,weak correlation / high independence
MMP9,RCN1,0.5052459001107324,0.8497562945311693,0.9269662921348315,0.9940119760479041,1.0,0.04918032786885246,0.12123839668120376,0.0779806405713783,0.041475064871972264,0.05972785272167528,0.7425396490128969,0.02424767933624075,0.0059727852721675285,0.7123191844044887,weak correlation / high independence
MISP,RCN1,0.4408376629769242,0.8497562945311693,0.9382022471910112,0.9880239520958084,1.0,0.04918032786885246,-0.0786549608055085,0.29398990912350004,0.041475064871972264,0.16773248699773616,0.743851631788918,0.0157309921611017,0.016773248699773615,0.7113473909280427,weak correlation / high independence
TOP2A,EDIL3,0.7642964013003924,0.6311502155526197,0.8932584269662921,1.0,1.0,0.0,0.022384740926413356,0.12468589671829405,0.03610149953278518,0.08039369812553962,0.723314606741573,0.004476948185282672,0.008039369812553963,0.7107982887437364,weak correlation / high independence
OCIAD2,LAMA3,0.796545245774221,0.5507459804792868,0.9831460674157303,1.0,0.8115942028985508,0.639344262295082,0.6424325667151456,0.00957360595802697,0.40231310213542243,0.2059433540467247,0.8585211331523408,0.12848651334302913,0.02059433540467247,0.7094402844046392,high redundancy risk
MMP9,PTPRR,0.5052459001107324,0.5441886518479988,0.9606741573033708,0.9940119760479041,1.0,0.0,0.1243895082401406,0.0779806405713783,0.02621672664746668,0.05209868360942249,0.7386715333378188,0.02487790164802812,0.0052098683609422495,0.7085837633288483,weak correlation / high independence
MMP12,CCNB1,0.39736509818459975,0.7228724824339547,0.9606741573033708,1.0,1.0,0.0,0.14497609106550283,0.02207993458626133,0.04176615865950621,0.03192304662288377,0.7401685393258427,0.028995218213100568,0.003192304662288377,0.7079810164504537,weak correlation / high independence
GRN,TPX2,0.8150381531247665,0.7229964697986911,0.898876404494382,1.0,0.9710144927536232,0.08196721311475409,0.10618506795809066,0.022702682080163877,0.17221193540680635,0.09745730874348511,0.7379645275906898,0.021237013591618132,0.009745730874348511,0.7069817831247232,weak correlation / high independence
RCN1,PTPRR,0.8497562945311693,0.5441886518479988,0.9213483146067416,0.9880239520958084,1.0,0.04918032786885246,0.14922629177367885,0.041475064871972264,0.02621672664746668,0.03384589575971947,0.7396381486428506,0.02984525835473577,0.003384589575971947,0.7064083007121429,weak correlation / high independence
MISP,MMP9,0.4408376629769242,0.5052459001107324,0.9719101123595506,0.9580838323353293,1.0,0.0,0.04119584009383433,0.29398990912350004,0.0779806405713783,0.18598527484743915,0.73249848617372,0.008239168018766866,0.018598527484743915,0.7056607906702093,weak correlation / high independence
TOP2A,ETV1,0.7642964013003924,0.6641001764469112,0.8932584269662921,1.0,1.0,0.0,0.05171048130943024,0.12468589671829405,0.02482275843931166,0.07475432757880286,0.723314606741573,0.01034209626188605,0.007475432757880287,0.7054970777218066,weak correlation / high independence
MISP,ETV1,0.4408376629769242,0.6641001764469112,0.9775280898876404,0.9640718562874252,1.0,0.0,-0.07134494026935659,0.29398990912350004,0.02482275843931166,0.15940633378140584,0.7353999865437664,0.014268988053871319,0.015940633378140584,0.7051903651117545,weak correlation / high independence
AGR2,RCN1,0.42747807269657895,0.8497562945311693,0.9269662921348315,0.9880239520958084,1.0,0.04918032786885246,-0.09775956362639604,0.2900457034734938,0.041475064871972264,0.16576038417273303,0.741042643024873,0.01955191272527921,0.016576038417273304,0.7049146918823205,weak correlation / high independence
PTPRR,EDIL3,0.5441886518479988,0.6311502155526197,0.9662921348314607,0.9880239520958084,1.0,0.0,0.15288952629766056,0.02621672664746668,0.03610149953278518,0.03115911309012593,0.7385790217318173,0.030577905259532114,0.003115911309012593,0.7048852051632727,weak correlation / high independence
LAMA3,GRN,0.5507459804792868,0.8150381531247665,0.9775280898876404,0.9760479041916168,0.9710144927536232,0.08196721311475409,0.13110571708381802,0.40231310213542243,0.022702682080163877,0.21250789210779314,0.7516394249869086,0.026221143416763605,0.021250789210779317,0.7041674923593657,weak correlation / high independence
GRN,TOP2A,0.8150381531247665,0.7642964013003924,0.898876404494382,0.9940119760479041,0.9710144927536232,0.08196721311475409,0.12570444300468747,0.022702682080163877,0.12468589671829405,0.07369428939922897,0.7364675216026658,0.025140888600937494,0.007369428939922897,0.7039572040618054,weak correlation / high independence
CEACAM5,MMP9,0.3827813825580026,0.5052459001107324,0.9438202247191011,1.0,1.0,0.0,0.11995337918473532,0.09847649330690951,0.0779806405713783,0.08822856693914391,0.7359550561797753,0.023990675836947067,0.008822856693914392,0.7031415236489139,weak correlation / high independence
SDC1,DOCK5,0.8187216314358295,0.8486326400116809,0.6404494382022472,1.0,0.6376811594202898,0.9508196721311475,0.4888033500650059,0.08453034283497024,0.05120461081083721,0.06786747682290373,0.8072375674384211,0.09776067001300119,0.006786747682290373,0.7026901497431296,moderate correlation
AGR2,ETV1,0.42747807269657895,0.6641001764469112,0.9662921348314607,0.9640718562874252,1.0,0.0,0.07362273878732781,0.2900457034734938,0.02482275843931166,0.15743423095640272,0.7325909977797215,0.014724547757465562,0.015743423095640273,0.7021230269266157,weak correlation / high independence
TPX2,EDIL3,0.7229964697986911,0.6311502155526197,0.8932584269662921,1.0,1.0,0.0,0.057349317604531894,0.17221193540680635,0.03610149953278518,0.10415671746979577,0.723314606741573,0.011469863520906379,0.010415671746979577,0.701429071473687,weak correlation / high independence
LAMA3,RCN1,0.5507459804792868,0.8497562945311693,0.9382022471910112,0.9880239520958084,1.0,0.04918032786885246,0.10436751306084864,0.40231310213542243,0.041475064871972264,0.22189408350369735,0.743851631788918,0.02087350261216973,0.022189408350369737,0.7007887208263786,weak correlation / high independence
CST1,ETV1,0.5436593060985359,0.6641001764469112,0.9157303370786517,1.0,1.0,0.0,0.07323927628349354,0.2613835538362081,0.02482275843931166,0.14310315613775987,0.7289325842696629,0.014647855256698709,0.014310315613775987,0.6999744133991882,weak correlation / high independence
MMP12,EDIL3,0.39736509818459975,0.6311502155526197,0.9606741573033708,0.9880239520958084,1.0,0.0,0.1735684028625751,0.02207993458626133,0.03610149953278518,0.029090717059523256,0.7371745273497948,0.034713680572515025,0.0029090717059523257,0.6995517750713275,weak correlation / high independence
MISP,GRN,0.4408376629769242,0.8150381531247665,0.9775280898876404,0.9760479041916168,0.9710144927536232,0.08196721311475409,0.18521737835238442,0.29398990912350004,0.022702682080163877,0.15834629560183194,0.7516394249869086,0.03704347567047688,0.015834629560183194,0.6987613197562486,weak correlation / high independence
MMP9,EDIL3,0.5052459001107324,0.6311502155526197,0.9662921348314607,0.9940119760479041,1.0,0.0,0.19221022125236614,0.0779806405713783,0.03610149953278518,0.05704107005208174,0.7400760277198413,0.038442044250473234,0.005704107005208174,0.6959298764641598,weak correlation / high independence
MISP,MMP12,0.4408376629769242,0.39736509818459975,0.9662921348314607,0.9880239520958084,1.0,0.0,0.13490488301739242,0.29398990912350004,0.02207993458626133,0.1580349218548807,0.7385790217318173,0.026980976603478486,0.015803492185488068,0.6957945529428508,weak correlation / high independence
AGR2,EDIL3,0.42747807269657895,0.6311502155526197,0.9662921348314607,0.9520958083832335,1.0,0.0,-0.09264544339867797,0.2900457034734938,0.03610149953278518,0.1630736015031395,0.7295969858036735,0.018529088679735597,0.01630736015031395,0.6947605369736239,weak correlation / high independence
RCN1,CTTN,0.8497562945311693,0.7441085239790581,0.4550561797752809,0.9940119760479041,0.7536231884057971,0.7049180327868853,0.11788024301850161,0.041475064871972264,0.13151024790823873,0.0864926563901055,0.7269023442539668,0.023576048603700325,0.00864926563901055,0.6946770300112559,weak correlation / high independence
MMP12,ETV1,0.39736509818459975,0.6641001764469112,0.9606741573033708,0.9880239520958084,1.0,0.0,0.2008261341419172,0.02207993458626133,0.02482275843931166,0.023451346512786495,0.7371745273497948,0.040165226828383443,0.0023451346512786495,0.6946641658701328,low-to-moderate correlation / partial independence
OCIAD2,DOCK5,0.796545245774221,0.8486326400116809,0.6853932584269663,1.0,0.8115942028985508,0.639344262295082,0.4326573212363488,0.00957360595802697,0.05120461081083721,0.03038910838443209,0.7840829309051498,0.08653146424726976,0.003038910838443209,0.6945125558194368,moderate correlation
TPX2,ETV1,0.7229964697986911,0.6641001764469112,0.8932584269662921,1.0,1.0,0.0,0.0963934830867782,0.17221193540680635,0.02482275843931166,0.09851734692305901,0.723314606741573,0.01927869661735564,0.009851734692305901,0.6941841754319115,weak correlation / high independence
MMP12,AGR2,0.39736509818459975,0.42747807269657895,0.9606741573033708,0.9880239520958084,1.0,0.0,0.14346828779807225,0.02207993458626133,0.2900457034734938,0.15606281902987756,0.7371745273497948,0.02869365755961445,0.015606281902987757,0.6928745878871926,weak correlation / high independence
MISP,EDIL3,0.4408376629769242,0.6311502155526197,0.9775280898876404,0.9520958083832335,1.0,0.0,-0.12041467050107514,0.29398990912350004,0.03610149953278518,0.1650457043281426,0.7324059745677185,0.02408293410021503,0.016504570432814263,0.6918184700346892,weak correlation / high independence
CCNB1,MMP9,0.7228724824339547,0.5052459001107324,0.9606741573033708,0.9940119760479041,1.0,0.0,0.20433620165080882,0.04176615865950621,0.0779806405713783,0.059873399615442253,0.7386715333378188,0.040867240330161765,0.005987339961544226,0.6918169530461128,low-to-moderate correlation / partial independence
MMP12,CTTN,0.39736509818459975,0.7441085239790581,0.4606741573033708,0.9940119760479041,0.7536231884057971,0.7049180327868853,0.14413110875557433,0.02207993458626133,0.13151024790823873,0.07679509124725004,0.7283068386359894,0.028826221751114867,0.007679509124725004,0.6918011077601496,weak correlation / high independence
AGR2,MMP9,0.42747807269657895,0.5052459001107324,0.9719101123595506,0.9401197604790419,1.0,0.0,-0.0910263632602724,0.2900457034734938,0.0779806405713783,0.18401317202243606,0.7280074682096481,0.01820527265205448,0.018401317202243608,0.69140087835535,weak correlation / high independence
GRN,CTTN,0.8150381531247665,0.7441085239790581,0.4606741573033708,0.9940119760479041,0.7536231884057971,0.7049180327868853,0.14672818198407592,0.022702682080163877,0.13151024790823873,0.0771064649942013,0.7283068386359894,0.029345636396815186,0.007710646499420131,0.6912505557397541,weak correlation / high independence
MMP12,CEACAM5,0.39736509818459975,0.3827813825580026,0.9382022471910112,1.0,1.0,0.0,0.19500808579729492,0.02207993458626133,0.09847649330690951,0.06027821394658542,0.7345505617977528,0.03900161715945899,0.006027821394658542,0.6895211232436353,weak correlation / high independence
LAMA3,ETV1,0.5507459804792868,0.6641001764469112,0.9775280898876404,0.9640718562874252,1.0,0.0,0.12427028907592229,0.40231310213542243,0.02482275843931166,0.21356793028736704,0.7353999865437664,0.02485405781518446,0.021356793028736706,0.6891891356998452,weak correlation / high independence
CTTN,EDIL3,0.7441085239790581,0.6311502155526197,0.4606741573033708,0.9940119760479041,0.7536231884057971,0.7049180327868853,0.15492152320278474,0.13151024790823873,0.03610149953278518,0.08380587372051196,0.7283068386359894,0.03098430464055695,0.008380587372051196,0.6889419466233814,weak correlation / high independence
MMP12,TOP2A,0.39736509818459975,0.7642964013003924,0.8932584269662921,1.0,1.0,0.0,0.13981820803168984,0.02207993458626133,0.12468589671829405,0.0733829156522777,0.723314606741573,0.02796364160633797,0.00733829156522777,0.6880126735700072,weak correlation / high independence
CTTN,ETV1,0.7441085239790581,0.6641001764469112,0.4606741573033708,0.9940119760479041,0.7536231884057971,0.7049180327868853,0.16618205456418805,0.13151024790823873,0.02482275843931166,0.0781665031737752,0.7283068386359894,0.03323641091283761,0.00781665031737752,0.6872537774057743,weak correlation / high independence
CST1,EDIL3,0.5436593060985359,0.6311502155526197,0.9157303370786517,1.0,1.0,0.0,0.13597552574591534,0.2613835538362081,0.03610149953278518,0.14874252668449664,0.7289325842696629,0.02719510514918307,0.014874252668449665,0.6868632264520301,weak correlation / high independence
LAMA3,EDIL3,0.5507459804792868,0.6311502155526197,0.9775280898876404,0.9580838323353293,1.0,0.0,0.12780241029244593,0.40231310213542243,0.03610149953278518,0.2192073008341038,0.7339029805557424,0.025560482058489188,0.021920730083410382,0.686421768413843,weak correlation / high independence
PTPRR,ETV1,0.5441886518479988,0.6641001764469112,0.9662921348314607,0.9880239520958084,1.0,0.0,0.2502053366279337,0.02621672664746668,0.02482275843931166,0.025519742543389172,0.7385790217318173,0.05004106732558675,0.0025519742543389174,0.6859859801518916,low-to-moderate correlation / partial independence
MMP12,PLAC8,0.39736509818459975,0.6220726772459807,0.9606741573033708,0.9880239520958084,1.0,0.0,0.24856982661815225,0.02207993458626133,0.023424625728514163,0.02275228015738775,0.7371745273497948,0.049713965323630455,0.002275228015738775,0.6851853340104256,low-to-moderate correlation / partial independence
MMP12,PTPRR,0.39736509818459975,0.5441886518479988,0.949438202247191,0.9880239520958084,1.0,0.0,0.2371198459435162,0.02207993458626133,0.02621672664746668,0.024148330616864007,0.7343655385857498,0.047423969188703244,0.0024148330616864007,0.6845267363353601,low-to-moderate correlation / partial independence
MMP9,CTTN,0.5052459001107324,0.7441085239790581,0.4606741573033708,1.0,0.7536231884057971,0.7049180327868853,0.18547746603449813,0.0779806405713783,0.13151024790823873,0.10474544423980851,0.7298038446240134,0.03709549320689963,0.010474544423980853,0.6822338069931329,weak correlation / high independence
CST1,GRN,0.5436593060985359,0.8150381531247665,0.9157303370786517,1.0,0.9710144927536232,0.08196721311475409,0.24228358038256378,0.2613835538362081,0.022702682080163877,0.14204311795818597,0.7421780107367572,0.04845671607651276,0.014204311795818597,0.6795169828644257,low-to-moderate correlation / partial independence
MMP12,GRN,0.39736509818459975,0.8150381531247665,0.9606741573033708,0.9940119760479041,0.9710144927536232,0.08196721311475409,0.3686818526954498,0.02207993458626133,0.022702682080163877,0.022391308333212602,0.751916959804913,0.07373637053908996,0.0022391308333212603,0.6759414584325018,low-to-moderate correlation / partial independence
CCNB1,PLAC8,0.7228724824339547,0.6220726772459807,0.9719101123595506,1.0,1.0,0.0,0.3233678378043847,0.04176615865950621,0.023424625728514163,0.032595392194010184,0.7429775280898876,0.06467356756087694,0.0032595392194010187,0.6750444213096096,low-to-moderate correlation / partial independence
MMP9,GRN,0.5052459001107324,0.8150381531247665,0.9662921348314607,0.9880239520958084,0.9710144927536232,0.08196721311475409,0.3708998058374612,0.0779806405713783,0.022702682080163877,0.05034166132577109,0.7518244481989116,0.07417996116749224,0.005034166132577109,0.6726103208988422,low-to-moderate correlation / partial independence
MMP12,TPX2,0.39736509818459975,0.7229964697986911,0.8932584269662921,1.0,1.0,0.0,0.20869734982486246,0.02207993458626133,0.17221193540680635,0.09714593499653384,0.723314606741573,0.04173946996497249,0.009714593499653385,0.6718605432769471,low-to-moderate correlation / partial independence
CCNB1,CEACAM5,0.7228724824339547,0.3827813825580026,0.9382022471910112,1.0,1.0,0.0,0.28240855259277203,0.04176615865950621,0.09847649330690951,0.07012132598320786,0.7345505617977528,0.05648171051855441,0.007012132598320786,0.6710567186808776,low-to-moderate correlation / partial independence
MMP9,TOP2A,0.5052459001107324,0.7642964013003924,0.8932584269662921,0.9940119760479041,1.0,0.0,0.20667468859231147,0.0779806405713783,0.12468589671829405,0.10133326864483617,0.7218176007535491,0.0413349377184623,0.010133326864483618,0.6703493361706031,low-to-moderate correlation / partial independence
CCNB1,RCN1,0.7228724824339547,0.8497562945311693,0.9438202247191011,1.0,1.0,0.04918032786885246,0.3740205356375537,0.04176615865950621,0.041475064871972264,0.04162061176573924,0.7482501381469884,0.07480410712751075,0.004162061176573924,0.6692839698429037,low-to-moderate correlation / partial independence
CCNB1,PTPRR,0.7228724824339547,0.5441886518479988,0.9550561797752809,1.0,1.0,0.0,0.3337239692137476,0.04176615865950621,0.02621672664746668,0.03399144265348644,0.7387640449438202,0.06674479384274952,0.0033991442653486443,0.668620106835722,low-to-moderate correlation / partial independence
CCNB1,CST1,0.7228724824339547,0.5436593060985359,0.9101123595505618,1.0,1.0,0.0,0.2247244864359393,0.04176615865950621,0.2613835538362081,0.15157485624785716,0.7275280898876404,0.04494489728718787,0.015157485624785716,0.6674257069756668,low-to-moderate correlation / partial independence
PLAC8,TOP2A,0.6220726772459807,0.7642964013003924,0.8876404494382022,1.0,1.0,0.0,0.24202424338502238,0.023424625728514163,0.12468589671829405,0.07405526122340411,0.7219101123595506,0.04840484867700448,0.007405526122340411,0.6660997375602058,low-to-moderate correlation / partial independence
CCNB1,AGR2,0.7228724824339547,0.42747807269657895,0.9662921348314607,0.9820359281437125,1.0,0.0,0.2732444789628211,0.04176615865950621,0.2900457034734938,0.1659059310665,0.7370820157437933,0.054648895792564225,0.016590593106650002,0.665842526844579,low-to-moderate correlation / partial independence
LAMA3,MMP9,0.5507459804792868,0.5052459001107324,0.9719101123595506,0.9580838323353293,1.0,0.0,0.2158639168757595,0.40231310213542243,0.0779806405713783,0.24014687135340035,0.73249848617372,0.0431727833751519,0.024014687135340038,0.6653110156632281,low-to-moderate correlation / partial independence
RCN1,ETV1,0.8497562945311693,0.6641001764469112,0.9382022471910112,0.9880239520958084,1.0,0.04918032786885246,0.3827256705715373,0.041475064871972264,0.02482275843931166,0.03314891165564196,0.743851631788918,0.07654513411430747,0.0033148911655641964,0.6639916065090464,low-to-moderate correlation / partial independence
CEACAM5,TOP2A,0.3827813825580026,0.7642964013003924,0.8876404494382022,1.0,1.0,0.0,0.24033713310260438,0.09847649330690951,0.12468589671829405,0.11158119501260177,0.7219101123595506,0.04806742662052088,0.011158119501260179,0.6626845662377695,low-to-moderate correlation / partial independence
CST1,TOP2A,0.5436593060985359,0.7642964013003924,0.8595505617977528,1.0,1.0,0.0,0.1672396724637748,0.2613835538362081,0.12468589671829405,0.19303472527725107,0.7148876404494382,0.03344793449275496,0.01930347252772511,0.6621362334289581,weak correlation / high independence
RCN1,EDIL3,0.8497562945311693,0.6311502155526197,0.9382022471910112,0.9880239520958084,1.0,0.04918032786885246,0.3922272687136434,0.041475064871972264,0.03610149953278518,0.03878828220237872,0.743851631788918,0.07844545374272868,0.003878828220237872,0.6615273498259514,low-to-moderate correlation / partial independence
MMP9,TPX2,0.5052459001107324,0.7229964697986911,0.8876404494382022,1.0,1.0,0.0,0.25124212434648835,0.0779806405713783,0.17221193540680635,0.12509628798909234,0.7219101123595506,0.050248424869297675,0.012509628798909234,0.6591520586913436,low-to-moderate correlation / partial independence
GRN,DOCK5,0.8150381531247665,0.8486326400116809,0.6853932584269663,0.9940119760479041,0.9710144927536232,0.08196721311475409,0.11424334001781064,0.022702682080163877,0.05120461081083721,0.036953646445500546,0.6830967350858119,0.02284866800356213,0.003695364644550055,0.6565527024376998,weak correlation / high independence
MMP12,CST1,0.39736509818459975,0.5436593060985359,0.9213483146067416,1.0,1.0,0.0,0.2993666489053155,0.02207993458626133,0.2613835538362081,0.14173174421123472,0.7303370786516854,0.059873329781063106,0.014173174421123473,0.6562905744494989,low-to-moderate correlation / partial independence
RCN1,DOCK5,0.8497562945311693,0.8486326400116809,0.6741573033707865,0.9940119760479041,1.0,0.04918032786885246,0.0931368350732834,0.041475064871972264,0.05120461081083721,0.04633983784140473,0.6793374018218857,0.01862736701465668,0.004633983784140473,0.6560760510230885,weak correlation / high independence
CST1,TPX2,0.5436593060985359,0.7229964697986911,0.8595505617977528,1.0,1.0,0.0,0.1858425862934926,0.2613835538362081,0.17221193540680635,0.21679774462150722,0.7148876404494382,0.03716851725869852,0.021679774462150723,0.6560393487285889,weak correlation / high independence
MISP,CCNB1,0.4408376629769242,0.7228724824339547,0.9775280898876404,0.9880239520958084,1.0,0.0,0.34636200470907236,0.29398990912350004,0.04176615865950621,0.16787803389150313,0.7413880104958622,0.06927240094181447,0.016787803389150313,0.6553278061648974,low-to-moderate correlation / partial independence
MMP12,MMP9,0.39736509818459975,0.5052459001107324,0.9550561797752809,0.9940119760479041,1.0,0.0,0.39185525128248205,0.02207993458626133,0.0779806405713783,0.05003028757881981,0.7372670389557963,0.07837105025649642,0.005003028757881982,0.6538929599414179,low-to-moderate correlation / partial independence
RCN1,TPX2,0.8497562945311693,0.7229964697986911,0.8764044943820225,1.0,1.0,0.04918032786885246,0.3398143468911104,0.041475064871972264,0.17221193540680635,0.10684350013938931,0.7313962055627187,0.06796286937822209,0.010684350013938932,0.6527489861705577,low-to-moderate correlation / partial independence
MMP12,LAMA3,0.39736509818459975,0.5507459804792868,0.9719101123595506,0.9880239520958084,1.0,0.0,0.33353937880876716,0.02207993458626133,0.40231310213542243,0.21219651836084188,0.7399835161138397,0.06670787576175344,0.02121965183608419,0.6520559885160021,low-to-moderate correlation / partial independence
MMP9,CST1,0.5052459001107324,0.5436593060985359,0.9157303370786517,1.0,1.0,0.0,0.30819283889400123,0.0779806405713783,0.2613835538362081,0.16968209720379318,0.7289325842696629,0.06163856777880025,0.01696820972037932,0.6503258067704834,low-to-moderate correlation / partial independence
CTTN,TOP2A,0.7441085239790581,0.7642964013003924,0.4606741573033708,1.0,0.7536231884057971,0.7049180327868853,0.336365304771275,0.13151024790823873,0.12468589671829405,0.1280980723132664,0.7298038446240134,0.067273060954255,0.01280980723132664,0.6497209764384317,low-to-moderate correlation / partial independence
PLAC8,TPX2,0.6220726772459807,0.7229964697986911,0.8876404494382022,1.0,1.0,0.0,0.31757657131084027,0.023424625728514163,0.17221193540680635,0.09781828056766026,0.7219101123595506,0.06351531426216805,0.009781828056766027,0.6486129700406166,low-to-moderate correlation / partial independence
RCN1,TOP2A,0.8497562945311693,0.7642964013003924,0.8707865168539326,1.0,1.0,0.04918032786885246,0.3685248960825639,0.041475064871972264,0.12468589671829405,0.08308048079513317,0.7299917111806963,0.07370497921651278,0.008308048079513316,0.6479786838846702,low-to-moderate correlation / partial independence
AGR2,TOP2A,0.42747807269657895,0.7642964013003924,0.898876404494382,0.9880239520958084,1.0,0.0,0.27256251147064664,0.2900457034734938,0.12468589671829405,0.20736580009589392,0.7217250891475476,0.05451250229412933,0.020736580009589393,0.6464760068438289,low-to-moderate correlation / partial independence
CST1,CTTN,0.5436593060985359,0.7441085239790581,0.4606741573033708,1.0,0.7536231884057971,0.7049180327868853,0.32403439412398866,0.2613835538362081,0.13151024790823873,0.1964469008722234,0.7298038446240134,0.06480687882479773,0.019644690087222343,0.6453522757119933,low-to-moderate correlation / partial independence
TOP2A,PTPRR,0.7642964013003924,0.5441886518479988,0.8876404494382022,1.0,1.0,0.0,0.3542262350972238,0.12468589671829405,0.02621672664746668,0.07545131168288037,0.7219101123595506,0.07084524701944477,0.007545131168288037,0.6435197341718178,low-to-moderate correlation / partial independence
CST1,PTPRR,0.5436593060985359,0.5441886518479988,0.9101123595505618,1.0,1.0,0.0,0.3499134501800695,0.2613835538362081,0.02621672664746668,0.14380014024183738,0.7275280898876404,0.0699826900360139,0.014380014024183738,0.6431653858274428,low-to-moderate correlation / partial independence
AGR2,CST1,0.42747807269657895,0.5436593060985359,0.9213483146067416,1.0,1.0,0.0,0.30123477542977783,0.2900457034734938,0.2613835538362081,0.27571462865485097,0.7303370786516854,0.06024695508595557,0.027571462865485098,0.6425186607002448,low-to-moderate correlation / partial independence
CCNB1,CTTN,0.7228724824339547,0.7441085239790581,0.4606741573033708,1.0,0.7536231884057971,0.7049180327868853,0.40325876197949595,0.04176615865950621,0.13151024790823873,0.08663820328387248,0.7298038446240134,0.0806517523958992,0.008663820328387249,0.640488271899727,moderate correlation
AGR2,TPX2,0.42747807269657895,0.7229964697986911,0.8932584269662921,1.0,1.0,0.0,0.3023665173484179,0.2900457034734938,0.17221193540680635,0.23112881944015007,0.723314606741573,0.06047330346968358,0.023112881944015007,0.6397284213278744,low-to-moderate correlation / partial independence
CEACAM5,CST1,0.3827813825580026,0.5436593060985359,0.898876404494382,1.0,1.0,0.0,0.3550162459599892,0.09847649330690951,0.2613835538362081,0.1799300235715588,0.7247191011235955,0.07100324919199784,0.01799300235715588,0.6357228495744418,low-to-moderate correlation / partial independence
PLAC8,LAMA3,0.6220726772459807,0.5507459804792868,0.9775280898876404,0.9820359281437125,1.0,0.0,0.4155126775670275,0.023424625728514163,0.40231310213542243,0.2128688639319683,0.7398910045078382,0.0831025355134055,0.02128688639319683,0.6355015826012358,moderate correlation
CEACAM5,TPX2,0.3827813825580026,0.7229964697986911,0.8820224719101124,1.0,1.0,0.0,0.3671500925345939,0.09847649330690951,0.17221193540680635,0.13534421435685792,0.7205056179775281,0.07343001850691878,0.013534421435685793,0.6335411780349235,low-to-moderate correlation / partial independence
PLAC8,CTTN,0.6220726772459807,0.7441085239790581,0.4606741573033708,0.9940119760479041,0.7536231884057971,0.7049180327868853,0.43584614991811277,0.023424625728514163,0.13151024790823873,0.07746743681837645,0.7283068386359894,0.08716922998362256,0.007746743681837646,0.6333908649705292,moderate correlation
MISP,TOP2A,0.4408376629769242,0.7642964013003924,0.8932584269662921,0.9940119760479041,1.0,0.0,0.34152013933016256,0.29398990912350004,0.12468589671829405,0.20933790292089705,0.7218176007535491,0.06830402786603251,0.020933790292089707,0.6325797825954268,low-to-moderate correlation / partial independence
OCIAD2,CTTN,0.796545245774221,0.7441085239790581,0.4606741573033708,1.0,0.6666666666666666,0.8524590163934426,0.5354478902129842,0.00957360595802697,0.13151024790823873,0.07054192693313285,0.74494996009087,0.10708957804259685,0.007054192693313286,0.6308061893549598,moderate correlation
LAMA3,CST1,0.5507459804792868,0.5436593060985359,0.9213483146067416,1.0,1.0,0.0,0.3330010383775961,0.40231310213542243,0.2613835538362081,0.33184832798581526,0.7303370786516854,0.06660020767551922,0.033184832798581525,0.6305520381775847,low-to-moderate correlation / partial independence
TPX2,PTPRR,0.7229964697986911,0.5441886518479988,0.8820224719101124,1.0,1.0,0.0,0.4027391736651896,0.17221193540680635,0.02621672664746668,0.09921433102713652,0.7205056179775281,0.08054783473303792,0.009921433102713652,0.6300363501417765,moderate correlation
MISP,CST1,0.4408376629769242,0.5436593060985359,0.9213483146067416,1.0,1.0,0.0,0.36607397911014267,0.29398990912350004,0.2613835538362081,0.27768673147985407,0.7303370786516854,0.07321479582202854,0.02776867314798541,0.6293536096816715,low-to-moderate correlation / partial independence
AGR2,PTPRR,0.42747807269657895,0.5441886518479988,0.9606741573033708,0.9820359281437125,1.0,0.0,0.4543345086207608,0.2900457034734938,0.02621672664746668,0.15813121506048022,0.7356775213617708,0.09086690172415217,0.015813121506048022,0.6289974981315707,moderate correlation
CCNB1,LAMA3,0.7228724824339547,0.5507459804792868,0.9775280898876404,0.9880239520958084,1.0,0.0,0.4524646847767957,0.04176615865950621,0.40231310213542243,0.22203963039746433,0.7413880104958622,0.09049293695535915,0.022203963039746435,0.6286911105007565,moderate correlation
LAMA3,CEACAM5,0.5507459804792868,0.3827813825580026,0.949438202247191,0.9700598802395209,1.0,0.0,0.38406067705344904,0.40231310213542243,0.09847649330690951,0.25039479772116596,0.729874520621678,0.07681213541068982,0.025039479772116596,0.6280229054388716,low-to-moderate correlation / partial independence
PLAC8,PTPRR,0.6220726772459807,0.5441886518479988,0.9606741573033708,0.9880239520958084,1.0,0.0,0.5355045796511145,0.023424625728514163,0.02621672664746668,0.02482067618799042,0.7371745273497948,0.10710091593022292,0.0024820676187990425,0.627591543800773,moderate correlation
PLAC8,CST1,0.6220726772459807,0.5436593060985359,0.9157303370786517,1.0,1.0,0.0,0.43794145715571536,0.023424625728514163,0.2613835538362081,0.14240408978236113,0.7289325842696629,0.08758829143114308,0.014240408978236113,0.6271038838602837,moderate correlation
DOCK5,EDIL3,0.8486326400116809,0.6311502155526197,0.6853932584269663,0.9940119760479041,1.0,0.0,0.20348113807396462,0.05120461081083721,0.03610149953278518,0.04365305517181119,0.6698513086187177,0.040696227614792926,0.00436530551718112,0.6247897754867435,low-to-moderate correlation / partial independence
CTTN,TPX2,0.7441085239790581,0.7229964697986911,0.4606741573033708,1.0,0.7536231884057971,0.7049180327868853,0.460678000546854,0.13151024790823873,0.17221193540680635,0.15186109165752254,0.7298038446240134,0.0921356001093708,0.015186109165752255,0.6224821353488903,moderate correlation
ETV1,DOCK5,0.6641001764469112,0.8486326400116809,0.6853932584269663,0.9940119760479041,1.0,0.0,0.2189921078568737,0.02482275843931166,0.05120461081083721,0.038013684625074436,0.6698513086187177,0.04379842157137474,0.0038013684625074436,0.6222515185848355,low-to-moderate correlation / partial independence
MISP,TPX2,0.4408376629769242,0.7229964697986911,0.8932584269662921,1.0,1.0,0.0,0.3918956299724725,0.29398990912350004,0.17221193540680635,0.2331009222651532,0.723314606741573,0.07837912599449451,0.02331009222651532,0.6216253885205631,low-to-moderate correlation / partial independence
MISP,PLAC8,0.4408376629769242,0.6220726772459807,0.9775280898876404,0.9820359281437125,1.0,0.0,0.5150769607231073,0.29398990912350004,0.023424625728514163,0.1587072674260071,0.7398910045078382,0.10301539214462146,0.015870726742600712,0.621004885620616,moderate correlation
CEACAM5,CTTN,0.3827813825580026,0.7441085239790581,0.449438202247191,1.0,0.7536231884057971,0.7049180327868853,0.4797468314039503,0.09847649330690951,0.13151024790823873,0.11499337060757411,0.7269948558599684,0.09594936628079007,0.011499337060757411,0.6195461525184208,moderate correlation
AGR2,CTTN,0.42747807269657895,0.7441085239790581,0.4606741573033708,0.9880239520958084,0.7536231884057971,0.7049180327868853,0.43364445612381364,0.2900457034734938,0.13151024790823873,0.21077797569086626,0.7268098326479655,0.08672889122476274,0.021077797569086627,0.619003143854116,moderate correlation
LAMA3,PTPRR,0.5507459804792868,0.5441886518479988,0.9662921348314607,0.9820359281437125,1.0,0.0,0.4958017793103296,0.40231310213542243,0.02621672664746668,0.21426491439144454,0.7370820157437933,0.09916035586206592,0.021426491439144456,0.6164951684425829,moderate correlation
MMP9,DOCK5,0.5052459001107324,0.8486326400116809,0.6797752808988764,0.9820359281437125,1.0,0.0,0.21319835028627973,0.0779806405713783,0.05120461081083721,0.06459262569110776,0.6654528022606472,0.04263967005725595,0.006459262569110776,0.6163538696342804,low-to-moderate correlation / partial independence
CTTN,PTPRR,0.7441085239790581,0.5441886518479988,0.4550561797752809,0.9940119760479041,0.7536231884057971,0.7049180327868853,0.5162492206943305,0.13151024790823873,0.02621672664746668,0.07886348727785271,0.7269023442539668,0.10324984413886612,0.007886348727785271,0.6157661513873155,moderate correlation
CEACAM5,PTPRR,0.3827813825580026,0.5441886518479988,0.9325842696629213,1.0,1.0,0.0,0.5615020427349853,0.09847649330690951,0.02621672664746668,0.06234660997718809,0.7331460674157303,0.11230040854699706,0.00623466099771881,0.6146109978710144,moderate correlation
MMP12,DOCK5,0.39736509818459975,0.8486326400116809,0.6853932584269663,0.9940119760479041,1.0,0.0,0.2675246856909379,0.02207993458626133,0.05120461081083721,0.03664227269854927,0.6698513086187177,0.05350493713818758,0.0036642272698549274,0.6126821442106751,low-to-moderate correlation / partial independence
CTTN,SDC1,0.7441085239790581,0.8187216314358295,0.4438202247191011,1.0,0.5942028985507246,0.9508196721311475,0.6190137765724858,0.13151024790823873,0.08453034283497024,0.10802029537160449,0.7472106988502434,0.12380275531449716,0.01080202953716045,0.6126059139985858,high redundancy risk
LAMA3,TOP2A,0.5507459804792868,0.7642964013003924,0.898876404494382,0.9940119760479041,1.0,0.0,0.42617329528129577,0.40231310213542243,0.12468589671829405,0.26349949942685824,0.7232220951355716,0.08523465905625915,0.026349949942685826,0.6116374861366266,moderate correlation
MISP,PTPRR,0.4408376629769242,0.5441886518479988,0.9606741573033708,0.9820359281437125,1.0,0.0,0.5490554264503368,0.29398990912350004,0.02621672664746668,0.16010331788548335,0.7356775213617708,0.10981108529006736,0.016010331788548337,0.6098561042831551,moderate correlation
MISP,CTTN,0.4408376629769242,0.7441085239790581,0.4606741573033708,0.9880239520958084,0.7536231884057971,0.7049180327868853,0.502080743375764,0.29398990912350004,0.13151024790823873,0.21275007851586938,0.7268098326479655,0.1004161486751528,0.02127500785158694,0.6051186761212257,moderate correlation
ETV1,EDIL3,0.6641001764469112,0.6311502155526197,0.9831460674157303,0.9760479041916168,1.0,0.0,0.6658474528035346,0.02482275843931166,0.03610149953278518,0.03046212898604842,0.7397984929018367,0.13316949056070693,0.0030462128986048424,0.603582789442525,high redundancy risk
AGR2,PLAC8,0.42747807269657895,0.6220726772459807,0.9662921348314607,0.9820359281437125,1.0,0.0,0.5900483866852715,0.2900457034734938,0.023424625728514163,0.15673516460100398,0.7370820157437933,0.11800967733705431,0.015673516460100397,0.6033988219466385,moderate correlation
TOP2A,DOCK5,0.7642964013003924,0.8486326400116809,0.6573033707865169,0.9940119760479041,1.0,0.0,0.2580734049899665,0.12468589671829405,0.05120461081083721,0.08794525376456563,0.6628288367086053,0.0516146809979933,0.008794525376456563,0.6024196303341555,low-to-moderate correlation / partial independence
PLAC8,CEACAM5,0.6220726772459807,0.3827813825580026,0.9382022471910112,0.9940119760479041,1.0,0.0,0.6245161853170699,0.023424625728514163,0.09847649330690951,0.06095055951771183,0.7330535558097289,0.12490323706341398,0.006095055951771184,0.6020552627945437,high redundancy risk
MISP,CEACAM5,0.4408376629769242,0.3827813825580026,0.949438202247191,0.9520958083832335,1.0,0.0,0.5289509339300819,0.29398990912350004,0.09847649330690951,0.19623320121520477,0.7253835026576061,0.10579018678601637,0.019623320121520477,0.5999699957500693,moderate correlation
CCNB1,DOCK5,0.7228724824339547,0.8486326400116809,0.6853932584269663,0.9940119760479041,1.0,0.0,0.34308892488714315,0.04176615865950621,0.05120461081083721,0.046485384735171706,0.6698513086187177,0.06861778497742864,0.004648538473517171,0.5965849851677718,low-to-moderate correlation / partial independence
LAMA3,TPX2,0.5507459804792868,0.7229964697986911,0.898876404494382,1.0,1.0,0.0,0.5074997965299453,0.40231310213542243,0.17221193540680635,0.2872625187711144,0.7247191011235955,0.10149995930598905,0.028726251877111444,0.594492889940495,moderate correlation
CEACAM5,DOCK5,0.3827813825580026,0.8486326400116809,0.6741573033707865,1.0,1.0,0.0,0.3876055672724499,0.09847649330690951,0.05120461081083721,0.07484055205887336,0.6685393258426966,0.07752111345448998,0.007484055205887336,0.5835341571823193,low-to-moderate correlation / partial independence
PLAC8,DOCK5,0.6220726772459807,0.8486326400116809,0.6853932584269663,0.9940119760479041,1.0,0.0,0.41443182048266436,0.023424625728514163,0.05120461081083721,0.037314618269675685,0.6698513086187177,0.08288636409653288,0.003731461826967569,0.5832334826952171,moderate correlation
AGR2,CEACAM5,0.42747807269657895,0.3827813825580026,0.9550561797752809,0.9520958083832335,1.0,0.0,0.6289413965141316,0.2900457034734938,0.09847649330690951,0.19426109839020164,0.7267879970396286,0.12578827930282632,0.019426109839020166,0.5815736078977821,high redundancy risk
LAMA3,CTTN,0.5507459804792868,0.7441085239790581,0.4606741573033708,0.9940119760479041,0.7536231884057971,0.7049180327868853,0.6022082518998776,0.40231310213542243,0.13151024790823873,0.26691167502183055,0.7283068386359894,0.12044165037997552,0.026691167502183057,0.5811740207538308,high redundancy risk
TPX2,DOCK5,0.7229964697986911,0.8486326400116809,0.6629213483146067,1.0,1.0,0.0,0.3753290836836192,0.17221193540680635,0.05120461081083721,0.11170827310882178,0.6657303370786517,0.07506581673672386,0.011170827310882179,0.5794936930310457,low-to-moderate correlation / partial independence
CST1,DOCK5,0.5436593060985359,0.8486326400116809,0.6685393258426966,1.0,1.0,0.0,0.3616024929734433,0.2613835538362081,0.05120461081083721,0.15629408232352265,0.6671348314606742,0.07232049859468867,0.015629408232352267,0.5791849246336332,low-to-moderate correlation / partial independence
CTTN,DOCK5,0.7441085239790581,0.8486326400116809,0.42696629213483145,1.0,0.7536231884057971,0.7049180327868853,0.7233606121448329,0.13151024790823873,0.05120461081083721,0.09135742935953797,0.7213768783318785,0.1446721224289666,0.009135742935953798,0.5675690129669582,high redundancy risk
MISP,DOCK5,0.4408376629769242,0.8486326400116809,0.6853932584269663,0.9880239520958084,1.0,0.0,0.4187186510439525,0.29398990912350004,0.05120461081083721,0.17259725996716863,0.6683543026306937,0.0837437302087905,0.017259725996716862,0.5673508464251864,moderate correlation
PTPRR,DOCK5,0.5441886518479988,0.8486326400116809,0.6797752808988764,0.9940119760479041,1.0,0.0,0.4896762160925294,0.02621672664746668,0.05120461081083721,0.038710668729151944,0.6684468142366952,0.09793524321850589,0.0038710668729151944,0.5666405041452741,moderate correlation
AGR2,DOCK5,0.42747807269657895,0.8486326400116809,0.6853932584269663,0.9760479041916168,1.0,0.0,0.4265951289739099,0.2900457034734938,0.05120461081083721,0.1706251571421655,0.6653602906546457,0.08531902579478198,0.01706251571421655,0.5629787491456472,moderate correlation
CCNB1,TOP2A,0.7228724824339547,0.7642964013003924,0.898876404494382,0.9940119760479041,1.0,0.0,0.7643048495307078,0.04176615865950621,0.12468589671829405,0.08322602768890014,0.7232220951355716,0.15286096990614156,0.008322602768890014,0.5620385224605401,high redundancy risk
CCNB1,TPX2,0.7228724824339547,0.7229964697986911,0.898876404494382,1.0,1.0,0.0,0.8619324541152625,0.04176615865950621,0.17221193540680635,0.10698904703315629,0.7247191011235955,0.17238649082305252,0.01069890470331563,0.5416337055972275,high redundancy risk
TPX2,TOP2A,0.7229964697986911,0.7642964013003924,0.8876404494382022,1.0,1.0,0.0,0.8429904971059297,0.17221193540680635,0.12468589671829405,0.1484489160625502,0.7219101123595506,0.16859809942118595,0.01484489160625502,0.5384671213321096,high redundancy risk
MISP,LAMA3,0.4408376629769242,0.5507459804792868,0.9831460674157303,0.7305389221556886,1.0,0.0,0.5266166522241532,0.29398990912350004,0.40231310213542243,0.34815150562946123,0.6784212473928547,0.10532333044483065,0.03481515056294612,0.5382827663850779,moderate correlation
LAMA3,DOCK5,0.5507459804792868,0.8486326400116809,0.6853932584269663,0.9760479041916168,1.0,0.0,0.5292002332178324,0.40231310213542243,0.05120461081083721,0.22675885647312982,0.6653602906546457,0.10584004664356648,0.022675885647312984,0.5368443583637663,moderate correlation
AGR2,LAMA3,0.42747807269657895,0.5507459804792868,0.9775280898876404,0.5688622754491018,1.0,0.0,0.3710312161876057,0.2900457034734938,0.40231310213542243,0.34617940280445814,0.6365975913341856,0.07420624323752115,0.03461794028044581,0.5277734078162186,low-to-moderate correlation / partial independence
MISP,AGR2,0.4408376629769242,0.42747807269657895,0.9775280898876404,0.5508982035928144,1.0,0.0,0.5920992926590467,0.29398990912350004,0.2900457034734938,0.29201780629849694,0.6321065733701137,0.11841985853180935,0.029201780629849697,0.4844849342084546,moderate correlation
