gene_A,gene_B,K_A,K_B,disc_sens,disc_spec,val_sens,val_spec,ext_sens,ext_spec,tumor_correlation,pair_score
CEACAM5,CST1,0.40677820318024827,0.3606846833167901,0.9213483146067416,1.0,0.5942028985507246,0.9344262295081968,0.6444444444444445,0.9333333333333333,0.3550162459599892,0.6619272555316948
MMP12,CEACAM5,0.37763499838454734,0.40677820318024827,0.9269662921348315,1.0,0.4927536231884058,0.9508196721311475,0.6222222222222222,0.9555555555555556,0.19500808579729492,0.6534027677727756
MMP12,TSPAN1,0.37763499838454734,0.69298776371519,0.9213483146067416,0.9940119760479041,0.43478260869565216,0.9836065573770492,0.5777777777777777,1.0,0.14514395875804942,0.641448620166767
MMP12,CTTN,0.37763499838454734,0.538647950435518,0.848314606741573,0.9880239520958084,0.6086956521739131,0.819672131147541,0.6888888888888889,0.8222222222222222,0.14413110875557433,0.6296317128206108
MMP12,CST1,0.37763499838454734,0.3606846833167901,0.9662921348314607,1.0,0.4782608695652174,0.8852459016393442,0.5777777777777777,0.8666666666666667,0.2993666489053155,0.6209610780288467
CST1,TSPAN1,0.3606846833167901,0.69298776371519,0.9269662921348315,1.0,0.43478260869565216,0.9836065573770492,0.5555555555555556,1.0,0.35921474836390777,0.6034505626243025
CST1,CTTN,0.3606846833167901,0.538647950435518,0.8426966292134831,0.9820359281437125,0.6086956521739131,0.8524590163934426,0.6222222222222222,0.8444444444444444,0.32403439412398866,0.6008360718615589
CEACAM5,CTTN,0.40677820318024827,0.538647950435518,0.8314606741573034,0.9940119760479041,0.6086956521739131,0.9016393442622951,0.6888888888888889,0.8888888888888888,0.4797468314039503,0.5865591940849241
CEACAM5,MMP9,0.40677820318024827,0.5242941773154414,0.9213483146067416,1.0,0.18840579710144928,1.0,0.2222222222222222,1.0,0.11995337918473532,0.5308863800171484
CTTN,TSPAN1,0.538647950435518,0.69298776371519,0.8370786516853933,0.9880239520958084,0.4782608695652174,0.9836065573770492,0.6222222222222222,0.9777777777777777,0.5984952054889252,0.5286418415054964
MISP,MMP12,0.6499979430526112,0.37763499838454734,0.9662921348314607,0.9940119760479041,0.14492753623188406,1.0,0.17777777777777778,1.0,0.13490488301739242,0.526965356426602
CEACAM5,TSPAN1,0.40677820318024827,0.69298776371519,0.898876404494382,0.9820359281437125,0.42028985507246375,0.9836065573770492,0.6,0.9777777777777777,0.6357036237934994,0.5211115865588254
CST1,RCN1,0.3606846833167901,0.8391026610009126,0.9325842696629213,1.0,0.11594202898550725,1.0,0.1111111111111111,0.9777777777777777,-0.018526960856026092,0.520557757153009
MMP9,TSPAN1,0.5242941773154414,0.69298776371519,0.9213483146067416,1.0,0.14492753623188406,1.0,0.24444444444444444,1.0,0.10687123607211042,0.5117636782048908
MISP,MMP9,0.6499979430526112,0.5242941773154414,0.9606741573033708,1.0,0.057971014492753624,1.0,0.08888888888888889,1.0,0.04119584009383433,0.5010834178792953
MMP9,CST1,0.5242941773154414,0.3606846833167901,0.949438202247191,0.9940119760479041,0.17391304347826086,1.0,0.2222222222222222,1.0,0.30819283889400123,0.4983553915424206
MMP12,RCN1,0.37763499838454734,0.8391026610009126,0.9325842696629213,0.9880239520958084,0.10144927536231885,1.0,0.13333333333333333,1.0,-0.09248325525278289,0.4954242126446226
RCN1,TSPAN1,0.8391026610009126,0.69298776371519,0.9213483146067416,0.9940119760479041,0.10144927536231885,1.0,0.1111111111111111,1.0,0.08039547689000887,0.4937885654898083
CEACAM5,GRN,0.40677820318024827,0.8306098746530998,0.9157303370786517,1.0,0.10144927536231885,0.9836065573770492,0.08888888888888889,0.9777777777777777,0.1096798526269142,0.48248506679165576
MMP12,MMP9,0.37763499838454734,0.5242941773154414,0.949438202247191,0.9940119760479041,0.17391304347826086,1.0,0.24444444444444444,1.0,0.39185525128248205,0.48162290906472444
MISP,CST1,0.6499979430526112,0.3606846833167901,0.9719101123595506,1.0,0.13043478260869565,1.0,0.17777777777777778,1.0,0.36607397911014267,0.47795765166209453
MMP9,CTTN,0.5242941773154414,0.538647950435518,0.848314606741573,0.9820359281437125,0.18840579710144928,0.9836065573770492,0.24444444444444444,1.0,0.18547746603449813,0.4723599246431218
CEACAM5,COLGALT1,0.40677820318024827,0.8541952185168267,0.8820224719101124,1.0,0.11594202898550725,1.0,0.06666666666666667,1.0,0.1483498975719671,0.4693122709334164
CEACAM5,RCN1,0.40677820318024827,0.8391026610009126,0.8932584269662921,1.0,0.07246376811594203,0.9836065573770492,0.1111111111111111,0.9777777777777777,-0.05024967377774767,0.46885328493686984
MMP12,TXN,0.37763499838454734,0.8228848534305958,0.9662921348314607,0.9880239520958084,0.028985507246376812,0.9836065573770492,0.28888888888888886,0.9777777777777777,0.13154928364013016,0.4642700844011917
CST1,FBXL2,0.3606846833167901,0.7510725925338305,0.8539325842696629,0.9820359281437125,0.10144927536231885,1.0,0.2,0.9777777777777777,0.04894073713580343,0.4636121452946746
RCN1,CTTN,0.8391026610009126,0.538647950435518,0.8370786516853933,0.9880239520958084,0.15942028985507245,0.9672131147540983,0.15555555555555556,0.9555555555555556,0.11788024301850161,0.4635218682904539
MISP,GRN,0.6499979430526112,0.8306098746530998,0.9719101123595506,0.9940119760479041,0.028985507246376812,1.0,0.022222222222222223,1.0,0.18521737835238442,0.46190598739654976
FBXL2,TSPAN1,0.7510725925338305,0.69298776371519,0.8426966292134831,0.9940119760479041,0.10144927536231885,1.0,0.2,1.0,0.044030179052559626,0.4618535244046708
CST1,GRN,0.3606846833167901,0.8306098746530998,0.9550561797752809,1.0,0.07246376811594203,0.9836065573770492,0.06666666666666667,0.9777777777777777,0.24228358038256378,0.4610921105416757
GRN,LMNB1,0.8306098746530998,0.7437815024738708,0.9550561797752809,1.0,0.0,0.9836065573770492,0.0,1.0,-0.06656694250413506,0.4603005367156032
GRN,TSPAN1,0.8306098746530998,0.69298776371519,0.9382022471910112,0.9940119760479041,0.057971014492753624,1.0,0.044444444444444446,1.0,0.18309477795388093,0.4599763979132563
MMP12,FBXL2,0.37763499838454734,0.7510725925338305,0.848314606741573,0.9880239520958084,0.08695652173913043,1.0,0.2222222222222222,1.0,-0.025603338168901865,0.45971468364704826
MMP12,CLDN12,0.37763499838454734,0.798690661316936,0.8707865168539326,0.9940119760479041,0.10144927536231885,0.9836065573770492,0.24444444444444444,1.0,0.11194256529543846,0.4582893673274
MISP,RCN1,0.6499979430526112,0.8391026610009126,0.949438202247191,0.9940119760479041,0.0,1.0,0.0,1.0,-0.0786549608055085,0.4575667942884711
MMP9,TXN,0.5242941773154414,0.8228848534305958,0.9606741573033708,0.9820359281437125,0.0,1.0,0.08888888888888889,1.0,0.10529776311993418,0.4549631211296295
MMP9,RCN1,0.5242941773154414,0.8391026610009126,0.9325842696629213,0.9940119760479041,0.028985507246376812,0.9836065573770492,0.044444444444444446,1.0,0.12123839668120376,0.4511568736630407
GRN,CLDN12,0.8306098746530998,0.798690661316936,0.8876404494382022,0.9940119760479041,0.028985507246376812,1.0,0.022222222222222223,1.0,0.03498466900593711,0.4499438499951671
RCN1,GRN,0.8391026610009126,0.8306098746530998,0.9550561797752809,0.9940119760479041,0.0,0.9836065573770492,0.0,1.0,0.13977772765573532,0.4442286548652603
SPARC,TSPAN1,0.8355173953327697,0.69298776371519,0.7921348314606742,1.0,0.10144927536231885,1.0,0.15555555555555556,1.0,0.017557709146116356,0.4432805115822733
GRN,TXN,0.8306098746530998,0.8228848534305958,0.9775280898876404,0.9940119760479041,0.0,1.0,0.022222222222222223,1.0,0.220326982492276,0.4432352830413416
CST1,LMNB1,0.3606846833167901,0.7437815024738708,0.949438202247191,1.0,0.028985507246376812,0.9672131147540983,0.17777777777777778,0.9777777777777777,0.19084012509526388,0.4430239632564724
CST1,CLDN12,0.3606846833167901,0.798690661316936,0.8764044943820225,0.9820359281437125,0.10144927536231885,0.9836065573770492,0.2222222222222222,1.0,0.19536335592579823,0.44145505742386876
MISP,LMNB1,0.6499979430526112,0.7437815024738708,0.9606741573033708,1.0,0.0,1.0,0.044444444444444446,0.9777777777777777,0.19592925400554612,0.44115122785057614
MMP9,LMNB1,0.5242941773154414,0.7437815024738708,0.9550561797752809,1.0,0.014492753623188406,0.9836065573770492,0.1111111111111111,1.0,0.2053859731064239,0.4397237108754971
CST1,COLGALT1,0.3606846833167901,0.8541952185168267,0.9044943820224719,0.9880239520958084,0.10144927536231885,1.0,0.06666666666666667,1.0,0.3023903439361442,0.43948195254772715
MISP,FBXL2,0.6499979430526112,0.7510725925338305,0.8707865168539326,0.9940119760479041,0.028985507246376812,1.0,0.044444444444444446,1.0,-0.04962427773409093,0.43861419239540195
MMP12,GRN,0.37763499838454734,0.8306098746530998,0.9550561797752809,0.9940119760479041,0.08695652173913043,0.9672131147540983,0.08888888888888889,0.9777777777777777,0.3686818526954498,0.4371689932470204
CST1,TXN,0.3606846833167901,0.8228848534305958,0.9662921348314607,0.9880239520958084,0.028985507246376812,0.9836065573770492,0.24444444444444444,0.9777777777777777,0.29183527452919383,0.432212886223379
CEACAM5,SPARC,0.40677820318024827,0.8355173953327697,0.7808988764044944,1.0,0.10144927536231885,0.9672131147540983,0.17777777777777778,0.9555555555555556,-0.012516929506255948,0.43143832808242744
GRN,CTTN,0.8306098746530998,0.538647950435518,0.8539325842696629,0.9940119760479041,0.10144927536231885,0.9344262295081968,0.08888888888888889,0.9777777777777777,0.14672818198407592,0.43125308335557216
MMP9,CLDN12,0.5242941773154414,0.798690661316936,0.8764044943820225,0.9880239520958084,0.0,1.0,0.08888888888888889,1.0,-0.025206320092192033,0.43053701762053087
MISP,CEACAM5,0.6499979430526112,0.40677820318024827,0.9269662921348315,1.0,0.14492753623188406,1.0,0.17777777777777778,1.0,0.5289509339300819,0.43015672739734145
GRN,FBXL2,0.8306098746530998,0.7510725925338305,0.8707865168539326,0.9940119760479041,0.028985507246376812,1.0,0.0,1.0,0.0959546686284686,0.4293481142165264
GRN,NT5C2,0.8306098746530998,0.8527128545088938,0.8651685393258427,0.9940119760479041,0.014492753623188406,1.0,0.0,1.0,0.04818778479608059,0.42887623129232183
CST1,ANKLE2,0.3606846833167901,0.8737717772169268,0.8595505617977528,0.9880239520958084,0.028985507246376812,1.0,0.022222222222222223,1.0,0.07105449202678024,0.42739684848484016
MMP12,NT5C2,0.37763499838454734,0.8527128545088938,0.8539325842696629,0.9880239520958084,0.08695652173913043,0.9836065573770492,0.06666666666666667,1.0,0.1943026032554101,0.4249108962083126
MMP12,LMNB1,0.37763499838454734,0.7437815024738708,0.949438202247191,1.0,0.028985507246376812,0.9508196721311475,0.24444444444444444,0.9555555555555556,0.2657546736745677,0.4240311203049822
CEACAM5,FBXL2,0.40677820318024827,0.7510725925338305,0.8146067415730337,1.0,0.08695652173913043,1.0,0.17777777777777778,0.9777777777777777,-0.13423035860002638,0.4239355599360768
COLGALT1,TSPAN1,0.8541952185168267,0.69298776371519,0.8932584269662921,0.9940119760479041,0.08695652173913043,1.0,0.06666666666666667,1.0,0.32656632924743045,0.4233268208554626
RCN1,LMNB1,0.8391026610009126,0.7437815024738708,0.9325842696629213,1.0,0.028985507246376812,0.9836065573770492,0.08888888888888889,1.0,0.2703414949693649,0.4227757297193445
MMP12,COLGALT1,0.37763499838454734,0.8541952185168267,0.9044943820224719,0.9880239520958084,0.10144927536231885,1.0,0.08888888888888889,1.0,0.389338896927829,0.42209224194939016
CEACAM5,LMNB1,0.40677820318024827,0.7437815024738708,0.9269662921348315,1.0,0.043478260869565216,0.9836065573770492,0.24444444444444444,1.0,0.299421921654388,0.42136066039671255
RCN1,TXN,0.8391026610009126,0.8228848534305958,0.9550561797752809,0.9880239520958084,0.0,1.0,0.08888888888888889,1.0,0.27412950779208617,0.41984273868917754
MMP12,ANKLE2,0.37763499838454734,0.8737717772169268,0.8595505617977528,0.9880239520958084,0.028985507246376812,1.0,0.022222222222222223,1.0,0.11859460454571255,0.4178888259810537
MISP,COLGALT1,0.6499979430526112,0.8541952185168267,0.9101123595505618,0.9940119760479041,0.014492753623188406,1.0,0.0,1.0,0.21542288345490293,0.41783384050491584
MISP,TSPAN1,0.6499979430526112,0.69298776371519,0.9438202247191011,0.9940119760479041,0.13043478260869565,1.0,0.2,1.0,0.5978327074879414,0.41595279598767565
RCN1,NT5C2,0.8391026610009126,0.8527128545088938,0.8539325842696629,0.9880239520958084,0.028985507246376812,1.0,0.022222222222222223,1.0,0.11502169849367153,0.41581123871941716
RCN1,COLGALT1,0.8391026610009126,0.8541952185168267,0.9101123595505618,0.9880239520958084,0.07246376811594203,1.0,0.044444444444444446,1.0,0.3670642857750806,0.41493336198462355
CST1,NT5C2,0.3606846833167901,0.8527128545088938,0.8595505617977528,0.9820359281437125,0.10144927536231885,0.9836065573770492,0.06666666666666667,1.0,0.2886608686956251,0.41451335338596756
MMP9,GRN,0.5242941773154414,0.8306098746530998,0.9550561797752809,1.0,0.028985507246376812,0.9836065573770492,0.022222222222222223,1.0,0.3708998058374612,0.4138079246096413
RCN1,CLDN12,0.8391026610009126,0.798690661316936,0.8764044943820225,0.9940119760479041,0.043478260869565216,1.0,0.06666666666666667,1.0,0.2239952932469967,0.41376524898350286
MMP9,FBXL2,0.5242941773154414,0.7510725925338305,0.8595505617977528,0.9880239520958084,0.028985507246376812,1.0,0.08888888888888889,1.0,0.1467486594607118,0.41225801499805387
ANKLE2,TXN,0.8737717772169268,0.8228848534305958,0.8764044943820225,0.9520958083832335,0.014492753623188406,1.0,0.0,1.0,0.11587389233425749,0.41160441741593107
LMNB1,FBXL2,0.7437815024738708,0.7510725925338305,0.8539325842696629,0.9940119760479041,0.0,1.0,0.06666666666666667,1.0,0.07275505069080096,0.4111369398046508
MISP,ANKLE2,0.6499979430526112,0.8737717772169268,0.8707865168539326,0.9940119760479041,0.014492753623188406,1.0,0.022222222222222223,1.0,0.156656846755209,0.40998299751854095
FBXL2,TXN,0.7510725925338305,0.8228848534305958,0.8707865168539326,0.9580838323353293,0.0,1.0,0.08888888888888889,1.0,-0.08293870881029936,0.40968050825476043
CST1,SPARC,0.3606846833167901,0.8355173953327697,0.7921348314606742,1.0,0.14492753623188406,0.9508196721311475,0.2222222222222222,0.9333333333333333,0.238025678562748,0.4094047895145587
LMNB1,TSPAN1,0.7437815024738708,0.69298776371519,0.9325842696629213,1.0,0.043478260869565216,0.9836065573770492,0.2222222222222222,1.0,0.3892304345087559,0.4061849220918179
MISP,CTTN,0.6499979430526112,0.538647950435518,0.848314606741573,0.9940119760479041,0.15942028985507245,1.0,0.17777777777777778,1.0,0.502080743375764,0.40194271444862406
MMP9,NT5C2,0.5242941773154414,0.8527128545088938,0.8539325842696629,0.9820359281437125,0.0,1.0,0.0,1.0,0.11638281392990034,0.39985470277279
SPARC,TXN,0.8355173953327697,0.8228848534305958,0.8033707865168539,1.0,0.0,1.0,0.1111111111111111,1.0,0.012664793119903997,0.39915243463444616
GRN,ANKLE2,0.8306098746530998,0.8737717772169268,0.8764044943820225,0.9940119760479041,0.0,0.9836065573770492,0.0,1.0,0.17129947325706266,0.3990385480652907
CEACAM5,ANKLE2,0.40677820318024827,0.8737717772169268,0.8258426966292135,0.9940119760479041,0.028985507246376812,1.0,0.022222222222222223,1.0,0.13852055295873814,0.39843030840611404
LMNB1,TXN,0.7437815024738708,0.8228848534305958,0.9606741573033708,0.9880239520958084,0.014492753623188406,0.9836065573770492,0.15555555555555556,0.9555555555555556,0.4115696342061777,0.39835328151156557
COLGALT1,CLDN12,0.8541952185168267,0.798690661316936,0.8539325842696629,0.9700598802395209,0.043478260869565216,1.0,0.022222222222222223,1.0,0.22847490121614483,0.39629329528192975
SPARC,CTTN,0.8355173953327697,0.538647950435518,0.7303370786516854,1.0,0.17391304347826086,0.9016393442622951,0.26666666666666666,0.9111111111111111,0.1688712658083749,0.3961151491623978
CEACAM5,TXN,0.40677820318024827,0.8228848534305958,0.9269662921348315,0.9880239520958084,0.028985507246376812,0.9836065573770492,0.28888888888888886,1.0,0.3901315687986953,0.3931696195516276
COLGALT1,LMNB1,0.8541952185168267,0.7437815024738708,0.9101123595505618,0.9880239520958084,0.028985507246376812,1.0,0.022222222222222223,1.0,0.38158216710763604,0.39042082971707104
RCN1,FBXL2,0.8391026610009126,0.7510725925338305,0.8539325842696629,0.9880239520958084,0.057971014492753624,1.0,0.1111111111111111,1.0,0.31442043657212504,0.3903374617710874
COLGALT1,TXN,0.8541952185168267,0.8228848534305958,0.9157303370786517,0.9640718562874252,0.014492753623188406,1.0,0.022222222222222223,1.0,0.33333297869624057,0.3900896523897991
ANKLE2,LMNB1,0.8737717772169268,0.7437815024738708,0.8651685393258427,0.9940119760479041,0.014492753623188406,0.9836065573770492,0.022222222222222223,1.0,0.22998005159999188,0.3889126086981418
MISP,TXN,0.6499979430526112,0.8228848534305958,0.9831460674157303,0.9940119760479041,0.0,1.0,0.1111111111111111,0.9777777777777777,0.5207196721451004,0.3859573237288215
CTTN,COLGALT1,0.538647950435518,0.8541952185168267,0.8314606741573034,0.9461077844311377,0.13043478260869565,1.0,0.08888888888888889,1.0,0.4116589719324978,0.38565626466881436
ANKLE2,TSPAN1,0.8737717772169268,0.69298776371519,0.848314606741573,0.9880239520958084,0.028985507246376812,1.0,0.022222222222222223,1.0,0.2676780921936217,0.3824877915073825
COLGALT1,FBXL2,0.8541952185168267,0.7510725925338305,0.8258426966292135,0.9520958083832335,0.043478260869565216,1.0,0.044444444444444446,1.0,0.20968526145523472,0.3823123970272193
NT5C2,TSPAN1,0.8527128545088938,0.69298776371519,0.8539325842696629,0.9880239520958084,0.08695652173913043,0.9836065573770492,0.044444444444444446,1.0,0.41268395700784793,0.38123462545782505
CTTN,FBXL2,0.538647950435518,0.7510725925338305,0.7865168539325843,0.9281437125748503,0.11594202898550725,1.0,0.2222222222222222,0.9777777777777777,0.28130161657254726,0.3787572819244508
GRN,COLGALT1,0.8306098746530998,0.8541952185168267,0.9157303370786517,0.9940119760479041,0.028985507246376812,1.0,0.022222222222222223,1.0,0.46843375237252216,0.3772569264120742
RCN1,SPARC,0.8391026610009126,0.8355173953327697,0.7921348314606742,1.0,0.13043478260869565,0.9672131147540983,0.1111111111111111,0.9555555555555556,0.39032224259616755,0.3756583124984894
NT5C2,TXN,0.8527128545088938,0.8228848534305958,0.8651685393258427,0.9520958083832335,0.014492753623188406,0.9836065573770492,0.044444444444444446,1.0,0.25029496971587495,0.3756316175141221
RCN1,ANKLE2,0.8391026610009126,0.8737717772169268,0.8707865168539326,0.9880239520958084,0.0,0.9836065573770492,0.0,1.0,0.26933155447193585,0.37535100507231633
MISP,NT5C2,0.6499979430526112,0.8527128545088938,0.8651685393258427,0.9940119760479041,0.014492753623188406,1.0,0.022222222222222223,1.0,0.3188449741311502,0.3747447934253079
MISP,SPARC,0.6499979430526112,0.8355173953327697,0.797752808988764,1.0,0.0,1.0,0.022222222222222223,1.0,-0.12380835350775773,0.37411473379283045
MMP12,SPARC,0.37763499838454734,0.8355173953327697,0.7921348314606742,1.0,0.10144927536231885,0.9672131147540983,0.24444444444444444,0.9555555555555556,0.3445924236361977,0.3705491087922652
FBXL2,CLDN12,0.7510725925338305,0.798690661316936,0.8089887640449438,0.9580838323353293,0.043478260869565216,1.0,0.08888888888888889,1.0,0.23381060748841598,0.3705383532733414
MMP9,ANKLE2,0.5242941773154414,0.8737717772169268,0.8651685393258427,0.9820359281437125,0.014492753623188406,0.9836065573770492,0.022222222222222223,1.0,0.31007134619464954,0.3702606333332552
CTTN,LMNB1,0.538647950435518,0.7437815024738708,0.8539325842696629,0.9880239520958084,0.057971014492753624,0.9508196721311475,0.24444444444444444,0.9777777777777777,0.36941292750148896,0.3681270340922341
MMP9,COLGALT1,0.5242941773154414,0.8541952185168267,0.9044943820224719,0.9880239520958084,0.043478260869565216,1.0,0.044444444444444446,1.0,0.5160581961352987,0.3679364407731743
MISP,CLDN12,0.6499979430526112,0.798690661316936,0.8876404494382022,0.9940119760479041,0.028985507246376812,1.0,0.15555555555555556,1.0,0.44625853524740206,0.3676890767468741
TSPAN1,CLDN12,0.69298776371519,0.798690661316936,0.8539325842696629,0.9940119760479041,0.10144927536231885,0.9836065573770492,0.2222222222222222,1.0,0.5385814741916423,0.3646289231882226
CLDN12,TXN,0.798690661316936,0.8228848534305958,0.8876404494382022,0.9580838323353293,0.014492753623188406,0.9836065573770492,0.13333333333333333,1.0,0.3728101999527551,0.3633538026656359
LMNB1,CLDN12,0.7437815024738708,0.798690661316936,0.8764044943820225,0.9940119760479041,0.014492753623188406,0.9836065573770492,0.044444444444444446,1.0,0.3877398598184535,0.3629157552944072
LAMA3,RCN1,0.7719674149790594,0.8391026610009126,0.7359550561797753,1.0,0.028985507246376812,1.0,0.0,1.0,0.10436751306084864,0.3615967791009063
SPARC,CLDN12,0.8355173953327697,0.798690661316936,0.7303370786516854,1.0,0.028985507246376812,1.0,0.08888888888888889,1.0,0.09441376533198491,0.36077853988263414
CEACAM5,CLDN12,0.40677820318024827,0.798690661316936,0.8370786516853933,1.0,0.08695652173913043,0.9836065573770492,0.17777777777777778,1.0,0.4894467587556927,0.3603412055618425
SPARC,LMNB1,0.8355173953327697,0.7437815024738708,0.8033707865168539,1.0,0.028985507246376812,0.9836065573770492,0.08888888888888889,1.0,0.26461005195712617,0.3598448402042752
COLGALT1,NT5C2,0.8541952185168267,0.8527128545088938,0.8370786516853933,0.9640718562874252,0.014492753623188406,1.0,0.0,1.0,0.2969773184514946,0.3587413940061304
CEACAM5,NT5C2,0.40677820318024827,0.8527128545088938,0.8258426966292135,0.9940119760479041,0.07246376811594203,0.9836065573770492,0.044444444444444446,1.0,0.4423584635165859,0.35565518564055004
TSPAN1,TXN,0.69298776371519,0.8228848534305958,0.9438202247191011,0.9940119760479041,0.014492753623188406,0.9836065573770492,0.26666666666666666,1.0,0.6017776884093631,0.35343883901597173
ANKLE2,CLDN12,0.8737717772169268,0.798690661316936,0.8202247191011236,0.9580838323353293,0.014492753623188406,1.0,0.0,1.0,0.2765869617258262,0.3532943046321551
LAMA3,CST1,0.7719674149790594,0.3606846833167901,0.7528089887640449,1.0,0.08695652173913043,1.0,0.044444444444444446,1.0,0.3330010383775961,0.3532825475760685
MMP12,LAMA3,0.37763499838454734,0.7719674149790594,0.7528089887640449,1.0,0.08695652173913043,1.0,0.06666666666666667,1.0,0.33353937880876716,0.3531748794898343
FBXL2,NT5C2,0.7510725925338305,0.8527128545088938,0.797752808988764,0.9461077844311377,0.043478260869565216,1.0,0.044444444444444446,1.0,0.2918348543841765,0.3509146125123219
LAMA3,GRN,0.7719674149790594,0.8306098746530998,0.7528089887640449,1.0,0.0,1.0,0.0,1.0,0.13110571708381802,0.3501833509652588
GRN,SPARC,0.8306098746530998,0.8355173953327697,0.8033707865168539,1.0,0.0,0.9672131147540983,0.022222222222222223,1.0,0.22899294999569697,0.3493017968124281
ANKLE2,COLGALT1,0.8737717772169268,0.8541952185168267,0.848314606741573,0.9520958083832335,0.014492753623188406,1.0,0.0,1.0,0.36845095417005364,0.34738046706855247
MMP9,SPARC,0.5242941773154414,0.8355173953327697,0.8033707865168539,1.0,0.043478260869565216,0.9836065573770492,0.1111111111111111,1.0,0.38598591058814263,0.34275664875842354
SPARC,FBXL2,0.8355173953327697,0.7510725925338305,0.7415730337078652,1.0,0.057971014492753624,1.0,0.1111111111111111,1.0,0.29711566952499974,0.34034889019530945
CTTN,TXN,0.538647950435518,0.8228848534305958,0.8539325842696629,0.9461077844311377,0.028985507246376812,0.9836065573770492,0.26666666666666666,0.9777777777777777,0.4357448465495598,0.3387959566501918
LAMA3,MMP9,0.7719674149790594,0.5242941773154414,0.7471910112359551,1.0,0.014492753623188406,1.0,0.0,1.0,0.2158639168757595,0.33766909905441983
LMNB1,NT5C2,0.7437815024738708,0.8527128545088938,0.8651685393258427,1.0,0.0,0.9836065573770492,0.022222222222222223,1.0,0.46726387743729403,0.33558572147330745
SPARC,NT5C2,0.8355173953327697,0.8527128545088938,0.7303370786516854,1.0,0.028985507246376812,1.0,0.044444444444444446,1.0,0.2263185192477834,0.3343975890994744
SPARC,ANKLE2,0.8355173953327697,0.8737717772169268,0.7471910112359551,1.0,0.0,0.9836065573770492,0.0,1.0,0.19204140744922335,0.3321249658853626
CTTN,CLDN12,0.538647950435518,0.798690661316936,0.8033707865168539,0.9401197604790419,0.11594202898550725,0.9836065573770492,0.2222222222222222,1.0,0.5524506437490984,0.3316364356312486
ANKLE2,NT5C2,0.8737717772169268,0.8527128545088938,0.8146067415730337,0.9401197604790419,0.0,1.0,0.0,1.0,0.3191772543796001,0.33127320821040174
LAMA3,CEACAM5,0.7719674149790594,0.40677820318024827,0.7359550561797753,1.0,0.07246376811594203,1.0,0.044444444444444446,1.0,0.38406067705344904,0.32739727673716884
LAMA3,FBXL2,0.7719674149790594,0.7510725925338305,0.6797752808988764,1.0,0.028985507246376812,1.0,0.022222222222222223,1.0,0.14926214740072133,0.32452796459248234
LAMA3,TSPAN1,0.7719674149790594,0.69298776371519,0.7471910112359551,1.0,0.08695652173913043,1.0,0.06666666666666667,1.0,0.49868128337353146,0.3173375098128365
CTTN,NT5C2,0.538647950435518,0.8527128545088938,0.8089887640449438,0.9101796407185628,0.10144927536231885,0.9836065573770492,0.06666666666666667,1.0,0.5792585066408775,0.3151920469845002
LAMA3,NT5C2,0.7719674149790594,0.8527128545088938,0.702247191011236,1.0,0.057971014492753624,1.0,0.022222222222222223,1.0,0.33745900614718044,0.31261730152255873
SPARC,COLGALT1,0.8355173953327697,0.8541952185168267,0.7865168539325843,1.0,0.07246376811594203,1.0,0.06666666666666667,1.0,0.5896108055028424,0.3115681499236947
LAMA3,LMNB1,0.7719674149790594,0.7437815024738708,0.7528089887640449,1.0,0.014492753623188406,1.0,0.022222222222222223,1.0,0.37653369705104806,0.308344131783407
ANKLE2,FBXL2,0.8737717772169268,0.7510725925338305,0.8033707865168539,0.9461077844311377,0.0,1.0,0.022222222222222223,1.0,0.4252411370343704,0.3058133079493797
ANKLE2,CTTN,0.8737717772169268,0.538647950435518,0.8033707865168539,0.9281437125748503,0.028985507246376812,0.9836065573770492,0.022222222222222223,1.0,0.4792646241338547,0.3019614174977338
NT5C2,CLDN12,0.8527128545088938,0.798690661316936,0.8258426966292135,0.9401197604790419,0.057971014492753624,0.9836065573770492,0.044444444444444446,1.0,0.6190791818499661,0.301238087671854
LAMA3,SPARC,0.7719674149790594,0.8355173953327697,0.6292134831460674,1.0,0.014492753623188406,1.0,0.0,1.0,0.14140536146879182,0.2935720460908695
LAMA3,CTTN,0.7719674149790594,0.538647950435518,0.7247191011235955,1.0,0.10144927536231885,1.0,0.06666666666666667,1.0,0.6022082518998776,0.29264253786298167
LAMA3,COLGALT1,0.7719674149790594,0.8541952185168267,0.7247191011235955,1.0,0.014492753623188406,1.0,0.0,1.0,0.4028061708949708,0.28904469319439774
LAMA3,CLDN12,0.7719674149790594,0.798690661316936,0.7134831460674157,1.0,0.028985507246376812,1.0,0.044444444444444446,1.0,0.41775074966115855,0.28768417672466456
MISP,LAMA3,0.6499979430526112,0.7719674149790594,0.7528089887640449,1.0,0.028985507246376812,1.0,0.044444444444444446,1.0,0.5266166522241532,0.2855739175603802
LAMA3,ANKLE2,0.7719674149790594,0.8737717772169268,0.6966292134831461,1.0,0.0,1.0,0.0,1.0,0.32129499349724805,0.28405560804212343
LAMA3,TXN,0.7719674149790594,0.8228848534305958,0.7528089887640449,1.0,0.014492753623188406,1.0,0.06666666666666667,1.0,0.5060416829578711,0.2824425346020424
MMP9,DSG2,0.5242941773154414,0.9546407407346275,0.06179775280898876,1.0,0.0,1.0,0.0,1.0,0.012036073110170038,0.028491661782460372
GRN,DOCK5,0.8306098746530998,0.9377620638630876,0.07303370786516854,1.0,0.028985507246376812,1.0,0.0,1.0,0.11424334001781064,0.028160939552210548
RCN1,DOCK5,0.8391026610009126,0.9377620638630876,0.07303370786516854,1.0,0.014492753623188406,1.0,0.022222222222222223,1.0,0.0931368350732834,0.025135863729521788
GRN,DSG2,0.8306098746530998,0.9546407407346275,0.06179775280898876,1.0,0.0,1.0,0.0,1.0,-0.04363208864514104,0.022172458675466175
CST1,DSG2,0.3606846833167901,0.9546407407346275,0.06179775280898876,1.0,0.014492753623188406,1.0,0.0,1.0,0.11254916605225726,0.015635420005637127
MMP12,DOCK5,0.37763499838454734,0.9377620638630876,0.07303370786516854,1.0,0.043478260869565216,1.0,0.06666666666666667,1.0,0.2675246856909379,0.004751047229179295
DOCK5,FBXL2,0.9377620638630876,0.7510725925338305,0.07303370786516854,1.0,0.028985507246376812,1.0,0.022222222222222223,1.0,0.2727981202625933,-0.0035500164967459877
RCN1,DSG2,0.8391026610009126,0.9546407407346275,0.06179775280898876,1.0,0.014492753623188406,1.0,0.0,1.0,0.21984780741070906,-0.005824308266053235
MMP9,DOCK5,0.5242941773154414,0.9377620638630876,0.07303370786516854,1.0,0.0,1.0,0.06666666666666667,1.0,0.21319835028627973,-0.006122816124671679
MMP12,DSG2,0.37763499838454734,0.9546407407346275,0.06179775280898876,1.0,0.014492753623188406,1.0,0.022222222222222223,1.0,0.2481336197454381,-0.011481470732999044
DSG2,SPARC,0.9546407407346275,0.8355173953327697,0.05056179775280899,1.0,0.0,1.0,0.0,1.0,0.18684090696319228,-0.012087282516233963
DSG2,COLGALT1,0.9546407407346275,0.8541952185168267,0.06179775280898876,1.0,0.0,1.0,0.0,1.0,0.2159517622370116,-0.012291476042907944
DSG2,ANKLE2,0.9546407407346275,0.8737717772169268,0.06179775280898876,1.0,0.0,1.0,0.0,1.0,0.24273866094852342,-0.017648855785210305
DSG2,TXN,0.9546407407346275,0.8228848534305958,0.06179775280898876,1.0,0.0,1.0,0.022222222222222223,1.0,0.25455793132984605,-0.020012709861474832
SPARC,DOCK5,0.8355173953327697,0.9377620638630876,0.06179775280898876,1.0,0.0,1.0,0.022222222222222223,1.0,0.256110068477245,-0.02032313729095462
CST1,DOCK5,0.3606846833167901,0.9377620638630876,0.07303370786516854,1.0,0.028985507246376812,1.0,0.044444444444444446,1.0,0.3616024929734433,-0.021310891038915994
CEACAM5,DSG2,0.40677820318024827,0.9546407407346275,0.056179775280898875,1.0,0.0,1.0,0.0,1.0,0.2591140153588025,-0.02373291543131107
DOCK5,TXN,0.9377620638630876,0.8228848534305958,0.07303370786516854,1.0,0.0,1.0,0.044444444444444446,0.9777777777777777,0.3071005246738784,-0.024903251002191408
MISP,DSG2,0.6499979430526112,0.9546407407346275,0.06179775280898876,1.0,0.0,1.0,0.0,1.0,0.2876572927167662,-0.026632582138858864
DSG2,FBXL2,0.9546407407346275,0.7510725925338305,0.056179775280898875,1.0,0.014492753623188406,1.0,0.0,1.0,0.3222978490284804,-0.02912330535365245
CEACAM5,DOCK5,0.40677820318024827,0.9377620638630876,0.06741573033707865,1.0,0.028985507246376812,1.0,0.06666666666666667,1.0,0.3876055672724499,-0.029320494662762243
DOCK5,COLGALT1,0.9377620638630876,0.8541952185168267,0.07303370786516854,1.0,0.014492753623188406,1.0,0.022222222222222223,1.0,0.40472442704577527,-0.037181654664976596
DOCK5,TSPAN1,0.9377620638630876,0.69298776371519,0.07303370786516854,1.0,0.043478260869565216,1.0,0.08888888888888889,1.0,0.4803526668181558,-0.03781454899626429
DSG2,TSPAN1,0.9546407407346275,0.69298776371519,0.06179775280898876,1.0,0.014492753623188406,1.0,0.022222222222222223,1.0,0.38110472291516234,-0.03807569136694389
MISP,DOCK5,0.6499979430526112,0.9377620638630876,0.07303370786516854,1.0,0.014492753623188406,0.9836065573770492,0.022222222222222223,0.9777777777777777,0.4187186510439525,-0.04033921447071186
DOCK5,LMNB1,0.9377620638630876,0.7437815024738708,0.07303370786516854,1.0,0.0,1.0,0.08888888888888889,0.9777777777777777,0.41826684462627,-0.047136514992669735
ANKLE2,DOCK5,0.8737717772169268,0.9377620638630876,0.07303370786516854,1.0,0.0,1.0,0.022222222222222223,1.0,0.4227258098436357,-0.04802830803614288
DOCK5,CLDN12,0.9377620638630876,0.798690661316936,0.07303370786516854,1.0,0.043478260869565216,1.0,0.0,1.0,0.5327774713119887,-0.048299509895030866
DSG2,CTTN,0.9546407407346275,0.538647950435518,0.06179775280898876,1.0,0.014492753623188406,1.0,0.022222222222222223,1.0,0.46931147917739413,-0.055717042619390256
DSG2,LMNB1,0.9546407407346275,0.7437815024738708,0.06179775280898876,1.0,0.0,1.0,0.022222222222222223,1.0,0.43755489131907127,-0.056612101859319884
DSG2,NT5C2,0.9546407407346275,0.8527128545088938,0.06179775280898876,1.0,0.014492753623188406,1.0,0.0,1.0,0.4950317923795806,-0.06086110525982755
DOCK5,NT5C2,0.9377620638630876,0.8527128545088938,0.07303370786516854,1.0,0.028985507246376812,1.0,0.0,1.0,0.5624293492321603,-0.061476262290659375
LAMA3,DSG2,0.7719674149790594,0.9546407407346275,0.06179775280898876,1.0,0.014492753623188406,1.0,0.022222222222222223,1.0,0.5086357678463356,-0.06358190035317854
LAMA3,DOCK5,0.7719674149790594,0.9377620638630876,0.06741573033707865,1.0,0.014492753623188406,1.0,0.022222222222222223,1.0,0.5292002332178324,-0.06488580466343297
DSG2,CLDN12,0.9546407407346275,0.798690661316936,0.06179775280898876,1.0,0.014492753623188406,1.0,0.0,1.0,0.6107452133182163,-0.08400378944755468
CTTN,DOCK5,0.538647950435518,0.9377620638630876,0.07303370786516854,1.0,0.043478260869565216,1.0,0.08888888888888889,1.0,0.7233606121448329,-0.08641613806159973
DSG2,DOCK5,0.9546407407346275,0.9377620638630876,0.0056179775280898875,1.0,0.014492753623188406,1.0,0.022222222222222223,1.0,0.5253095200399087,-0.09500653843234261
