cell_id,cell_type,CEACAM5,CST1
cell_0,Malignant Ductal,2.770091473978788,0.10567013739656603
cell_1,Malignant Ductal,3.543731796673845,0.10442889356333314
cell_2,Malignant Ductal,2.680458411235046,0.103501703761035
cell_3,Malignant Ductal,2.7198681815874113,0.043517765251457556
cell_4,Malignant Ductal,3.2582908088337805,0.04702302251073534
cell_5,Malignant Ductal,2.3740667404240567,0.06374858726458137
cell_6,Malignant Ductal,2.69683970813168,0.1931440965402011
cell_7,Malignant Ductal,4.166119984976953,0.05637092821231693
cell_8,Malignant Ductal,2.8848198579678512,0.11736376936462721
cell_9,Malignant Ductal,3.049165331785258,0.04284700258870494
cell_10,Malignant Ductal,2.534159029223896,0.08345480320356305
cell_11,Malignant Ductal,2.052520086296444,0.0
cell_12,Malignant Ductal,1.3539358200212692,0.1097457617794862
cell_13,Malignant Ductal,3.3833785052154677,0.09025938593792175
cell_14,Malignant Ductal,2.7676444527468247,0.12218951290835141
cell_15,Malignant Ductal,3.3580267429196273,0.16493841329220768
cell_16,Malignant Ductal,1.5500988310784622,0.15575369952950346
cell_17,Malignant Ductal,1.7406870742797922,0.15773209300282634
cell_18,Malignant Ductal,4.315346625403104,0.1155756564136876
cell_19,Malignant Ductal,3.896038440803013,0.08508097638116784
cell_20,Malignant Ductal,3.6120155095796918,0.11956929138765235
cell_21,Malignant Ductal,3.0146584146748534,0.27244280615291316
cell_22,Malignant Ductal,2.237642253555399,0.13660731700220013
cell_23,Malignant Ductal,4.741428182306386,0.06033983665681117
cell_24,Malignant Ductal,2.513799768795159,0.20077560593842853
cell_25,Malignant Ductal,2.1914477205782203,0.14857309298125135
cell_26,Malignant Ductal,4.043781606712006,0.04717204139706688
cell_27,Malignant Ductal,0.5956891894216567,0.06308977347601126
cell_28,Malignant Ductal,1.718332224356806,0.1171396687730059
cell_29,Malignant Ductal,3.6208658965079175,0.15002951818108562
cell_30,Malignant Ductal,1.4313734872233554,0.08088658972212755
cell_31,Malignant Ductal,2.741446698718197,0.10511605113694662
cell_32,Malignant Ductal,2.4339902480702422,0.10506210842725884
cell_33,Malignant Ductal,2.247237518073319,0.10215525469147414
cell_34,Malignant Ductal,2.5680406266879516,0.1317828412683675
cell_35,Malignant Ductal,2.8266101305574054,0.12452875718942726
cell_36,Malignant Ductal,2.206337964648261,0.14150606783456962
cell_37,Malignant Ductal,3.1157477940799563,0.028501775075117444
cell_38,Malignant Ductal,3.4850759505408404,0.10226603010476881
cell_39,Malignant Ductal,3.554143167758511,0.09513067194086498
cell_40,Malignant Ductal,2.7878743433439594,0.1307026069298685
cell_41,Malignant Ductal,2.254568034870849,0.12020256500247983
cell_42,Malignant Ductal,2.1514772390476753,0.11202697376246867
cell_43,Malignant Ductal,2.325601823989535,0.040389936592802635
cell_44,Malignant Ductal,4.479308116046466,0.10137963821208006
cell_45,Malignant Ductal,4.2280212554498116,0.10392848902296391
cell_46,Malignant Ductal,1.9908037080345435,0.08784004409685989
cell_47,Malignant Ductal,2.9019880854500113,0.1383682670244748
cell_48,Malignant Ductal,3.165074157487353,0.06878363025277899
cell_49,Malignant Ductal,3.3716116211888476,0.20430540988530466
cell_50,Malignant Ductal,3.885629109927408,0.15969080215754128
cell_51,Malignant Ductal,2.5580998844217313,0.11725972310074144
cell_52,Malignant Ductal,3.8437281564914825,0.15914606635763937
cell_53,Malignant Ductal,3.756540233469155,0.051222769354202946
cell_54,Malignant Ductal,2.4290992962051163,0.060931722035265895
cell_55,Malignant Ductal,2.044204934608848,0.10268409804116045
cell_56,Malignant Ductal,3.694505865016122,0.24806017633916405
cell_57,Malignant Ductal,1.8518719330862676,0.05351780947015077
cell_58,Malignant Ductal,2.155042719348574,0.13559319534245287
cell_59,Malignant Ductal,3.348357978719499,0.1993430427679448
cell_60,Malignant Ductal,3.4405819919278704,0.07027420275311218
cell_61,Malignant Ductal,3.4675367550630507,0.1003716995245964
cell_62,Malignant Ductal,3.777677662908844,0.08848350508095215
cell_63,Malignant Ductal,1.701764354899387,0.02850517984997213
cell_64,Malignant Ductal,3.047391423346124,0.19373421794269408
cell_65,Malignant Ductal,4.322472987165202,0.15252058537790036
cell_66,Malignant Ductal,3.2656568636618366,0.09789361964524229
cell_67,Malignant Ductal,2.316671249489906,0.065623043243052
cell_68,Malignant Ductal,1.857326225688338,0.07539160231381284
cell_69,Malignant Ductal,3.35856141450338,0.03311432839074032
cell_70,Malignant Ductal,2.6724183667833867,0.12745925291221918
cell_71,Malignant Ductal,3.224350525864148,0.0971249716323495
cell_72,Malignant Ductal,4.107252882648471,0.20902022345570317
cell_73,Malignant Ductal,3.4278672026443195,0.0919219898955368
cell_74,Malignant Ductal,3.43933213027531,0.15516745239802937
cell_75,Malignant Ductal,1.6653336291220997,0.08858364071251422
cell_76,Malignant Ductal,2.9235130952598554,0.14951803726943994
cell_77,Malignant Ductal,3.2796779045027344,0.14506041208123097
cell_78,Malignant Ductal,2.6109877861349107,0.04396336495803199
cell_79,Malignant Ductal,3.224229844289234,0.12432731483337903
cell_80,Malignant Ductal,4.115720777231861,0.07977780401686177
cell_81,Malignant Ductal,3.586072280635082,0.07431093697729528
cell_82,Malignant Ductal,2.64201046453831,0.05128391885367447
cell_83,Malignant Ductal,3.7507925318364252,0.11679860512770433
cell_84,Malignant Ductal,3.245057328301992,0.12971414769498935
cell_85,Malignant Ductal,1.8928357717626245,0.11299464735790943
cell_86,Malignant Ductal,2.525751283741,0.1042343212444823
cell_87,Malignant Ductal,2.7215288417373102,0.044811764686083555
cell_88,Malignant Ductal,2.9293512089490523,0.08773690779953243
cell_89,Malignant Ductal,1.7678399339961866,0.0713509862579804
cell_90,Malignant Ductal,2.8688369709735415,0.11180178793274001
cell_91,Malignant Ductal,1.844195485557598,0.07714183578521996
cell_92,Malignant Ductal,3.1203801198462657,0.0
cell_93,Malignant Ductal,2.2812386090826755,0.07849850579837143
cell_94,Malignant Ductal,4.095448168597898,0.16555034284705206
cell_95,Malignant Ductal,2.642654677758934,0.1447694127628596
cell_96,Malignant Ductal,3.0052035967417345,0.08731416602764505
cell_97,Malignant Ductal,2.962385730608195,0.03861167334710524
cell_98,Malignant Ductal,2.8944803610415137,0.10808402492000492
cell_99,Malignant Ductal,3.333251293284035,0.1318076117996651
cell_100,Malignant Ductal,3.2257625936623784,0.005195777111915723
cell_101,Malignant Ductal,3.2955059689537505,0.1570426087769185
cell_102,Malignant Ductal,2.4531677892631354,0.024236628176817966
cell_103,Malignant Ductal,2.709627168663847,0.11878372038235634
cell_104,Malignant Ductal,3.177776696572447,0.13484216936991644
cell_105,Malignant Ductal,3.263094622976103,0.07410121024491305
cell_106,Malignant Ductal,2.5074387137195164,0.0385466926687457
cell_107,Malignant Ductal,3.303751562219346,0.01890309937364564
cell_108,Malignant Ductal,2.0694881367575078,0.14352036477776334
cell_109,Malignant Ductal,3.183570838440991,0.07567726304912517
cell_110,Malignant Ductal,3.3360278229562166,0.12480212074623037
cell_111,Malignant Ductal,2.882946438258619,0.18522591997182988
cell_112,Malignant Ductal,4.0981230216813955,0.05419861164459332
cell_113,Malignant Ductal,3.3874211602697444,0.1380240246634027
cell_114,Malignant Ductal,3.4645951790895877,0.13566604203563665
cell_115,Malignant Ductal,3.2099594031961898,0.1103389901022548
cell_116,Malignant Ductal,5.1741644731235565,0.0
cell_117,Malignant Ductal,3.854037584277837,0.06440507595628668
cell_118,Malignant Ductal,2.55849210391612,0.15543600560276138
cell_119,Malignant Ductal,1.7010756776305123,0.08415734139954544
cell_120,Malignant Ductal,2.2078402668701926,0.12194669802817067
cell_121,Malignant Ductal,3.8521230368088766,0.12016846140220033
cell_122,Malignant Ductal,2.0483333360199945,0.06694353694116373
cell_123,Malignant Ductal,3.7530779558428917,0.017277764281812446
cell_124,Malignant Ductal,2.3824916667963216,0.1545368311924035
cell_125,Malignant Ductal,2.7127634490183707,0.093998319997914
cell_126,Malignant Ductal,3.624640329744671,0.0388476690664388
cell_127,Malignant Ductal,2.5705449545002157,0.0
cell_128,Malignant Ductal,3.543547182962141,0.06265014470280285
cell_129,Malignant Ductal,3.7356355759187996,0.09798955454135531
cell_130,Malignant Ductal,3.871959112634577,0.18227345007845083
cell_131,Malignant Ductal,4.920411147309236,0.11679218496959157
cell_132,Malignant Ductal,4.243658404237816,0.11119822596054213
cell_133,Malignant Ductal,3.3012819103744437,0.1426995967614217
cell_134,Malignant Ductal,2.3994202028922405,0.09927600970756538
cell_135,Malignant Ductal,2.167427629049821,0.12768774100660718
cell_136,Malignant Ductal,2.4879942637913817,0.05940542201581381
cell_137,Malignant Ductal,2.572818245942307,0.07843301768644766
cell_138,Malignant Ductal,3.4439818857316364,0.08787713030332428
cell_139,Malignant Ductal,3.972753866170762,0.08901625487053344
cell_140,Malignant Ductal,2.7052041996398795,0.1177911603643135
cell_141,Malignant Ductal,2.570786210740409,0.03494045190789751
cell_142,Malignant Ductal,1.5870508120913658,0.060419427191442276
cell_143,Malignant Ductal,3.658568774679639,0.0041598238334359825
cell_144,Malignant Ductal,3.1624658610672243,0.15325672449412203
cell_145,Malignant Ductal,2.32239241154035,0.07863045872973963
cell_146,Malignant Ductal,1.4120458070402082,0.08871278355985333
cell_147,Malignant Ductal,1.8507715758223364,0.13846000836336994
cell_148,Malignant Ductal,2.481406078401474,0.15114093256876077
cell_149,Malignant Ductal,2.956890425625131,0.20038355799799276
cell_150,Malignant Ductal,3.235450218649284,0.01613619180700008
cell_151,Malignant Ductal,4.0153064890361305,0.11358339753229278
cell_152,Malignant Ductal,2.5090929548814462,0.19361414499522042
cell_153,Malignant Ductal,2.506795037601066,0.07722106311499106
cell_154,Malignant Ductal,3.221486356011298,0.2141816670759279
cell_155,Malignant Ductal,3.162890266016298,0.11450609935434615
cell_156,Malignant Ductal,2.150223722535823,0.12520106782884816
cell_157,Malignant Ductal,1.8744119005726037,0.17125427206726895
cell_158,Malignant Ductal,2.843217984278053,0.003176640612484105
cell_159,Malignant Ductal,2.680999459844869,0.05996354722342861
cell_160,Malignant Ductal,2.014590249521059,0.05451499599962961
cell_161,Malignant Ductal,2.859244269739323,0.13029464701535065
cell_162,Malignant Ductal,1.5227119364717077,0.15026542578042526
cell_163,Malignant Ductal,2.2754495364122778,0.09504501805588353
cell_164,Malignant Ductal,3.496273257482125,0.0
cell_165,Malignant Ductal,3.8973730338384382,0.10227169445197347
cell_166,Malignant Ductal,2.986141392012844,0.04896327336277863
cell_167,Malignant Ductal,2.6641997987470356,0.07848420202679798
cell_168,Malignant Ductal,3.5656673639958503,0.07809821374015075
cell_169,Malignant Ductal,3.787351383322595,0.1370235454945616
cell_170,Malignant Ductal,2.432290164898641,0.11948481649175076
cell_171,Malignant Ductal,1.4197900933385168,0.15357369444896976
cell_172,Malignant Ductal,4.743207965387026,0.10219678782062207
cell_173,Malignant Ductal,3.7935845280764604,0.055034068000334536
cell_174,Malignant Ductal,2.326009504719603,0.09295137492411652
cell_175,Malignant Ductal,2.22122057996312,0.13187994073399528
cell_176,Malignant Ductal,2.8834189127899155,0.004939864281816465
cell_177,Malignant Ductal,0.8637556812818025,0.14316193910232777
cell_178,Malignant Ductal,2.7820830573727813,0.059249397789049106
cell_179,Malignant Ductal,2.812675219507357,0.13336529764323915
cell_180,Malignant Ductal,3.236687792618794,0.05764189359455101
cell_181,Malignant Ductal,4.161894773322063,0.10569557317694253
cell_182,Malignant Ductal,2.577031121073277,0.10072010650726443
cell_183,Malignant Ductal,3.3958303302880615,0.1727562396205042
cell_184,Malignant Ductal,3.3901027132933717,0.0639061923664635
cell_185,Malignant Ductal,2.526037059744532,0.09819137110810744
cell_186,Malignant Ductal,3.812198556753943,0.10975591202938723
cell_187,Malignant Ductal,3.220873981033429,0.05448859158637298
cell_188,Malignant Ductal,2.322024585794436,0.03674223914328463
cell_189,Malignant Ductal,3.163190801710729,0.07643209965361998
cell_190,Malignant Ductal,2.337268711385776,0.07733228504911985
cell_191,Malignant Ductal,2.7792529059799174,0.17836673966015423
cell_192,Malignant Ductal,3.2148469713909975,0.1524399093862081
cell_193,Malignant Ductal,1.73476307123423,0.06197623507865938
cell_194,Malignant Ductal,4.048278824326274,0.09053599593682553
cell_195,Malignant Ductal,5.326670629235846,0.1584601975109916
cell_196,Malignant Ductal,3.286569212273543,0.08726301166751795
cell_197,Malignant Ductal,3.837955505191839,0.140641284543623
cell_198,Malignant Ductal,3.8025209393010146,0.1471399173656509
cell_199,Malignant Ductal,1.78254551632245,0.10238831992221183
cell_200,Malignant Ductal,1.9931695796709634,0.08196886577342917
cell_201,Malignant Ductal,1.7723096807016545,0.08066775674888071
cell_202,Malignant Ductal,1.9380118178060972,0.0979254338969584
cell_203,Malignant Ductal,2.8102760966210454,0.14847348417658787
cell_204,Malignant Ductal,3.1277616572493914,0.17605886915218977
cell_205,Malignant Ductal,3.3650957640866364,0.09062977909074692
cell_206,Malignant Ductal,4.202540081163332,0.00936743779076582
cell_207,Malignant Ductal,3.101370163780924,0.03688519424924075
cell_208,Malignant Ductal,4.0096932695504695,0.1043372311881297
cell_209,Malignant Ductal,3.5557892148155426,0.1235507000354922
cell_210,Malignant Ductal,3.1400377450995376,0.11159728107914192
cell_211,Malignant Ductal,1.2212290420896705,0.05266834360404864
cell_212,Malignant Ductal,3.3083520926132146,0.0
cell_213,Malignant Ductal,3.075234748824986,0.13242681678984725
cell_214,Malignant Ductal,3.430640395724948,0.11837686868346779
cell_215,Malignant Ductal,2.13408573574116,0.12085480212300134
cell_216,Malignant Ductal,3.1421169399976714,0.014698718899221076
cell_217,Malignant Ductal,1.9498288604899223,0.10088558580564401
cell_218,Malignant Ductal,2.917280144808544,0.1476679637803395
cell_219,Malignant Ductal,3.983406702828588,0.08841878832072841
cell_220,Malignant Ductal,1.7794157464463882,0.13009554109070293
cell_221,Malignant Ductal,3.4924484647642897,0.055497888205663315
cell_222,Malignant Ductal,1.8994794580709635,0.015228429515486808
cell_223,Malignant Ductal,3.5540782478467805,0.11916183863548725
cell_224,Malignant Ductal,2.991518504162119,0.020852208790713048
cell_225,Malignant Ductal,4.06768566165513,0.13082336282116344
cell_226,Malignant Ductal,4.292593926011931,0.08982339848936208
cell_227,Malignant Ductal,2.955821522995999,0.09850058005235492
cell_228,Malignant Ductal,3.6315271624102676,0.13838316480563387
cell_229,Malignant Ductal,2.4673488331885887,0.04855598198690482
cell_230,Malignant Ductal,2.159339593555911,0.12818807294145626
cell_231,Malignant Ductal,2.6875504653341586,0.14732735980139902
cell_232,Malignant Ductal,3.552100092835721,0.17847386557377062
cell_233,Malignant Ductal,3.0531022780596526,0.026213045262519163
cell_234,Malignant Ductal,2.3292033593804287,0.07714902219710446
cell_235,Malignant Ductal,1.7390633053569204,0.02647800558466794
cell_236,Malignant Ductal,3.5181276407989905,0.06238144523880829
cell_237,Malignant Ductal,4.743806361200331,0.10136497073707114
cell_238,Malignant Ductal,2.9688605442547833,0.08926421562489256
cell_239,Malignant Ductal,3.155154611661086,0.13509321169783883
cell_240,Malignant Ductal,4.177123773380091,0.15310848129301985
cell_241,Malignant Ductal,2.8740923802084004,0.08928931025255059
cell_242,Malignant Ductal,3.2254057246524748,0.17549692287561452
cell_243,Malignant Ductal,3.024270461416925,0.13288371762300275
cell_244,Malignant Ductal,3.4749161384688922,0.14497870537458593
cell_245,Malignant Ductal,4.004836873291544,0.09897415638135548
cell_246,Malignant Ductal,2.5585350391762693,0.07218856049250823
cell_247,Malignant Ductal,3.9719035667799583,0.03850346184057743
cell_248,Malignant Ductal,0.9378073317856833,0.048527008951577216
cell_249,Malignant Ductal,0.6617246889038126,0.1476589061499629
cell_250,Malignant Ductal,3.7383901914173263,0.049189978689886296
cell_251,Malignant Ductal,3.198976885090627,0.07706322979232003
cell_252,Malignant Ductal,3.8614135678915065,0.028507312280334
cell_253,Malignant Ductal,2.226439640637774,0.0490080069183641
cell_254,Malignant Ductal,3.925869287051176,0.12311871291913255
cell_255,Malignant Ductal,3.066220715805631,0.15541990705690034
cell_256,Malignant Ductal,3.066641830999795,0.0544037373650176
cell_257,Malignant Ductal,3.2433437290017686,0.12853270485735407
cell_258,Malignant Ductal,2.661989527020119,0.14366931114893544
cell_259,Malignant Ductal,3.941556349036635,0.05395910832493648
cell_260,Malignant Ductal,2.1081094845592236,0.19889639059829123
cell_261,Malignant Ductal,3.0821523988706874,0.022501828638841072
cell_262,Malignant Ductal,1.7417859952644779,0.10520317292156035
cell_263,Malignant Ductal,3.021878493635927,0.1482490565976428
cell_264,Malignant Ductal,4.245186371587699,0.14810608030090244
cell_265,Malignant Ductal,3.3610268185308243,0.06343837360711581
cell_266,Malignant Ductal,2.8676967824926365,0.018502513334367744
cell_267,Malignant Ductal,3.586170065566694,0.0783807511273031
cell_268,Malignant Ductal,3.7431393852916357,0.14136805859196344
cell_269,Malignant Ductal,2.4587590991703823,0.11211187915203534
cell_270,Malignant Ductal,4.135029578315327,0.09924932758423151
cell_271,Malignant Ductal,3.0010333450333824,0.08446608535333666
cell_272,Malignant Ductal,4.197532364501074,0.10203078989684833
cell_273,Malignant Ductal,2.5464708570706276,0.20200378346023326
cell_274,Malignant Ductal,2.5542671785577413,0.10592013075806626
cell_275,Malignant Ductal,2.827694813440885,0.08775113562085886
cell_276,Malignant Ductal,1.5495840487571397,0.19750418868916703
cell_277,Malignant Ductal,4.084694174916692,0.07106364593606203
cell_278,Malignant Ductal,3.8409556497725124,0.11040861838483897
cell_279,Malignant Ductal,2.936789879829033,0.0
cell_280,Malignant Ductal,4.219077026500826,0.044657024826725435
cell_281,Malignant Ductal,1.943595760794467,0.13968619303344898
cell_282,Malignant Ductal,2.568884538326188,0.07380867620882425
cell_283,Malignant Ductal,5.2966494110476,0.07855724826562721
cell_284,Malignant Ductal,3.748040547164232,0.1393262785673145
cell_285,Malignant Ductal,3.3424151305753003,0.11749022304206123
cell_286,Malignant Ductal,3.1540864227851295,0.04433432319089277
cell_287,Malignant Ductal,2.5463502387044903,0.2132504403606502
cell_288,Malignant Ductal,3.8955840066050276,0.08829415930589904
cell_289,Malignant Ductal,2.6633097956802123,0.0538399300432987
cell_290,Malignant Ductal,2.9077040380482773,0.11571920535755734
cell_291,Malignant Ductal,3.476189467736892,0.11317898461313833
cell_292,Malignant Ductal,3.463742349053675,0.08273529857067342
cell_293,Malignant Ductal,2.2083767429727246,0.0
cell_294,Malignant Ductal,3.418682570746929,0.11973817044461402
cell_295,Malignant Ductal,4.312623450765741,0.13042732126996334
cell_296,Malignant Ductal,4.311159278397381,0.07468996585013372
cell_297,Malignant Ductal,2.7076799271157697,0.14551211396936825
cell_298,Malignant Ductal,3.3421376532945515,0.09475497969992851
cell_299,Malignant Ductal,2.5495306613359197,0.13237968739834244
cell_300,Cancer-Associated Fibroblasts,0.219989503710416,0.24674632255902704
cell_301,Cancer-Associated Fibroblasts,0.17827473083105763,0.16601656077056584
cell_302,Cancer-Associated Fibroblasts,0.1648411464598483,0.2969527319450668
cell_303,Cancer-Associated Fibroblasts,0.15927413512192456,0.25706149379959
cell_304,Cancer-Associated Fibroblasts,0.17360968496991838,0.04283768029167994
cell_305,Cancer-Associated Fibroblasts,0.23677478012454553,0.17921186480325027
cell_306,Cancer-Associated Fibroblasts,0.19200444415099358,0.2112931606021106
cell_307,Cancer-Associated Fibroblasts,0.23668732182290075,0.21364625697366432
cell_308,Cancer-Associated Fibroblasts,0.231972371919119,0.1631866107753618
cell_309,Cancer-Associated Fibroblasts,0.17688012952607118,0.1129110016001232
cell_310,Cancer-Associated Fibroblasts,0.20370299372579986,0.19313419661922332
cell_311,Cancer-Associated Fibroblasts,0.25523309263282223,0.1944658412382247
cell_312,Cancer-Associated Fibroblasts,0.21529317350363664,0.27215980240898646
cell_313,Cancer-Associated Fibroblasts,0.17408214330185365,0.12889602820972604
cell_314,Cancer-Associated Fibroblasts,0.17725584407569336,0.2871954051293901
cell_315,Cancer-Associated Fibroblasts,0.18290902385833488,0.17980653876310818
cell_316,Cancer-Associated Fibroblasts,0.15782359747448205,0.2628274294720214
cell_317,Cancer-Associated Fibroblasts,0.22551043289641354,0.24659630654640718
cell_318,Cancer-Associated Fibroblasts,0.2379695068238712,0.2447140666706241
cell_319,Cancer-Associated Fibroblasts,0.18087852810054428,0.19785636774914708
cell_320,Cancer-Associated Fibroblasts,0.25899962285604033,0.10068832005534188
cell_321,Cancer-Associated Fibroblasts,0.18891596035956212,0.2287575215309817
cell_322,Cancer-Associated Fibroblasts,0.2709439839972128,0.13460082820452451
cell_323,Cancer-Associated Fibroblasts,0.271691091431433,0.11962628868935304
cell_324,Cancer-Associated Fibroblasts,0.1636895425998212,0.1631796134813107
cell_325,Cancer-Associated Fibroblasts,0.2900574445957918,0.2391519022753224
cell_326,Cancer-Associated Fibroblasts,0.22207491985859643,0.22876537530927085
cell_327,Cancer-Associated Fibroblasts,0.213008207545264,0.16134804171652628
cell_328,Cancer-Associated Fibroblasts,0.1498950357960183,0.2260901336759352
cell_329,Cancer-Associated Fibroblasts,0.1968365615464304,0.26501599913754953
cell_330,Cancer-Associated Fibroblasts,0.20104259506687458,0.2519276426156845
cell_331,Cancer-Associated Fibroblasts,0.2116145952748765,0.19581327783177155
cell_332,Cancer-Associated Fibroblasts,0.3021066118948397,0.18520332271460602
cell_333,Cancer-Associated Fibroblasts,0.167639318434689,0.270348009990746
cell_334,Cancer-Associated Fibroblasts,0.1914206938421297,0.26577131595341674
cell_335,Cancer-Associated Fibroblasts,0.19878343131592327,0.23185264546180706
cell_336,Cancer-Associated Fibroblasts,0.18678959927512345,0.20102567473234342
cell_337,Cancer-Associated Fibroblasts,0.1882930670397749,0.2577965737997414
cell_338,Cancer-Associated Fibroblasts,0.20465177690066708,0.23551842534839568
cell_339,Cancer-Associated Fibroblasts,0.1758008620991969,0.26302647837673576
cell_340,Cancer-Associated Fibroblasts,0.2170215790247994,0.2402117832716
cell_341,Cancer-Associated Fibroblasts,0.23869800474813552,0.220853883036758
cell_342,Cancer-Associated Fibroblasts,0.22529739608422078,0.2968728595303242
cell_343,Cancer-Associated Fibroblasts,0.1814411023368392,0.2173866671898932
cell_344,Cancer-Associated Fibroblasts,0.21447766033225496,0.08870501356581839
cell_345,Cancer-Associated Fibroblasts,0.1773399502420914,0.16432342997346938
cell_346,Cancer-Associated Fibroblasts,0.18252528989036146,0.18173054277668405
cell_347,Cancer-Associated Fibroblasts,0.20808016547911054,0.15357476492853148
cell_348,Cancer-Associated Fibroblasts,0.26628378615462617,0.21092708591078213
cell_349,Cancer-Associated Fibroblasts,0.19680154673344366,0.29133461642890845
cell_350,Cancer-Associated Fibroblasts,0.1569960695328557,0.20789292199183396
cell_351,Cancer-Associated Fibroblasts,0.12198527367670385,0.10651075859044859
cell_352,Cancer-Associated Fibroblasts,0.2129043112976756,0.19845010564654217
cell_353,Cancer-Associated Fibroblasts,0.16984322439440738,0.17037955717617748
cell_354,Cancer-Associated Fibroblasts,0.2634115865219069,0.1466621499596824
cell_355,Cancer-Associated Fibroblasts,0.1373160744799702,0.17192981456835763
cell_356,Cancer-Associated Fibroblasts,0.2505783915403913,0.10520438685955531
cell_357,Cancer-Associated Fibroblasts,0.1258390673718147,0.09679815762880883
cell_358,Cancer-Associated Fibroblasts,0.22593493810788354,0.2526654011222557
cell_359,Cancer-Associated Fibroblasts,0.23483305699490867,0.17561165926242184
cell_360,Cancer-Associated Fibroblasts,0.16520656067475822,0.19603623560025996
cell_361,Cancer-Associated Fibroblasts,0.2232224644609761,0.20949847049161263
cell_362,Cancer-Associated Fibroblasts,0.19885597834487673,0.2041683536209075
cell_363,Cancer-Associated Fibroblasts,0.1874158751401796,0.1378078265498282
cell_364,Cancer-Associated Fibroblasts,0.1857265961260733,0.2766710506268088
cell_365,Cancer-Associated Fibroblasts,0.18441658646004438,0.10616022087180121
cell_366,Cancer-Associated Fibroblasts,0.22650147003472176,0.17655370238891355
cell_367,Cancer-Associated Fibroblasts,0.166748208976884,0.17199311917377028
cell_368,Cancer-Associated Fibroblasts,0.13234625136964362,0.1333647882439743
cell_369,Cancer-Associated Fibroblasts,0.14586942221283755,0.20369875559204578
cell_370,Cancer-Associated Fibroblasts,0.19495793816603074,0.13267278943394656
cell_371,Cancer-Associated Fibroblasts,0.2462555004127076,0.2455259485580486
cell_372,Cancer-Associated Fibroblasts,0.19711689945970656,0.2356377451653803
cell_373,Cancer-Associated Fibroblasts,0.11770584980512633,0.14742375263412189
cell_374,Cancer-Associated Fibroblasts,0.20681378060066039,0.19745166800342523
cell_375,Cancer-Associated Fibroblasts,0.1623196568066514,0.21265423570219835
cell_376,Cancer-Associated Fibroblasts,0.1804929659935624,0.20211197090776073
cell_377,Cancer-Associated Fibroblasts,0.1619232456078455,0.2465698388989844
cell_378,Cancer-Associated Fibroblasts,0.17653570003742147,0.15413241306090525
cell_379,Cancer-Associated Fibroblasts,0.32290788829084643,0.18117626619148855
cell_380,Cancer-Associated Fibroblasts,0.175082425926318,0.1657225637111246
cell_381,Cancer-Associated Fibroblasts,0.21839432034144446,0.2569091150615946
cell_382,Cancer-Associated Fibroblasts,0.2029885333854552,0.25411878292008905
cell_383,Cancer-Associated Fibroblasts,0.15120149726460824,0.254459634274674
cell_384,Cancer-Associated Fibroblasts,0.1409618133878563,0.22702515939748133
cell_385,Cancer-Associated Fibroblasts,0.1426912870145955,0.247805151750698
cell_386,Cancer-Associated Fibroblasts,0.19807304623910174,0.17918922386341055
cell_387,Cancer-Associated Fibroblasts,0.16391454092362817,0.2367390943482818
cell_388,Cancer-Associated Fibroblasts,0.23590478845731613,0.2695304935623637
cell_389,Cancer-Associated Fibroblasts,0.14538641872424288,0.3488194708470992
cell_390,Cancer-Associated Fibroblasts,0.1881662627267647,0.07769856706055185
cell_391,Cancer-Associated Fibroblasts,0.18709157298676232,0.1946974135699868
cell_392,Cancer-Associated Fibroblasts,0.22975494294176937,0.22923262548784468
cell_393,Cancer-Associated Fibroblasts,0.14009968518374802,0.1688128553191099
cell_394,Cancer-Associated Fibroblasts,0.21546493768743682,0.16812891885742093
cell_395,Cancer-Associated Fibroblasts,0.20227809409024314,0.19436614225342483
cell_396,Cancer-Associated Fibroblasts,0.22037461547477122,0.174860307148047
cell_397,Cancer-Associated Fibroblasts,0.20523140897607384,0.22561486066668135
cell_398,Cancer-Associated Fibroblasts,0.12885694951955654,0.2535525195905292
cell_399,Cancer-Associated Fibroblasts,0.18386066646337706,0.20107005200478936
cell_400,Cancer-Associated Fibroblasts,0.1695474896832417,0.11866428663859063
cell_401,Cancer-Associated Fibroblasts,0.20527885874003274,0.18809207894995905
cell_402,Cancer-Associated Fibroblasts,0.2577192362546112,0.16682237019515295
cell_403,Cancer-Associated Fibroblasts,0.22138117203907245,0.21010986002277218
cell_404,Cancer-Associated Fibroblasts,0.17113612495567643,0.16965800960400163
cell_405,Cancer-Associated Fibroblasts,0.24113649295623607,0.22608470699814662
cell_406,Cancer-Associated Fibroblasts,0.14204125997046474,0.15571951312778654
cell_407,Cancer-Associated Fibroblasts,0.24598468600344608,0.22916471116206197
cell_408,Cancer-Associated Fibroblasts,0.22421559404110775,0.2394360180002439
cell_409,Cancer-Associated Fibroblasts,0.22491417016993207,0.2304434145874787
cell_410,Cancer-Associated Fibroblasts,0.19351010082380465,0.16563510263452197
cell_411,Cancer-Associated Fibroblasts,0.15036747606023423,0.24703441747543206
cell_412,Cancer-Associated Fibroblasts,0.17429374936519437,0.25613954962752117
cell_413,Cancer-Associated Fibroblasts,0.20577180724660543,0.1986368206296744
cell_414,Cancer-Associated Fibroblasts,0.2618787677363928,0.23421931882934566
cell_415,Cancer-Associated Fibroblasts,0.15021016931471007,0.23933222418852174
cell_416,Cancer-Associated Fibroblasts,0.1177374682834077,0.3570783489461789
cell_417,Cancer-Associated Fibroblasts,0.19244021550445184,0.27560593911513515
cell_418,Cancer-Associated Fibroblasts,0.24238015253650336,0.23151859461377047
cell_419,Cancer-Associated Fibroblasts,0.2056820365880314,0.08308425062363996
cell_420,Cancer-Associated Fibroblasts,0.2508023364984057,0.13905668944455196
cell_421,Cancer-Associated Fibroblasts,0.23771850399620195,0.30884360544434225
cell_422,Cancer-Associated Fibroblasts,0.23667043355927583,0.1887571704020819
cell_423,Cancer-Associated Fibroblasts,0.16702533456603577,0.14627055785718254
cell_424,Cancer-Associated Fibroblasts,0.12286524553700147,0.21045665664385005
cell_425,Cancer-Associated Fibroblasts,0.16639752703689892,0.22643556628509662
cell_426,Cancer-Associated Fibroblasts,0.2522316703142804,0.2101586913809193
cell_427,Cancer-Associated Fibroblasts,0.2795534609697018,0.18866480404320662
cell_428,Cancer-Associated Fibroblasts,0.23654448836412276,0.19146624587495448
cell_429,Cancer-Associated Fibroblasts,0.2572823625279715,0.2050421078425788
cell_430,Cancer-Associated Fibroblasts,0.18634285434889367,0.2875972160912855
cell_431,Cancer-Associated Fibroblasts,0.1405117894457245,0.18204209542710595
cell_432,Cancer-Associated Fibroblasts,0.14143480934232386,0.25929724479314087
cell_433,Cancer-Associated Fibroblasts,0.229506646486892,0.20702142640481222
cell_434,Cancer-Associated Fibroblasts,0.20703254873472177,0.15553491348087914
cell_435,Cancer-Associated Fibroblasts,0.22946953040203638,0.2546468413318511
cell_436,Cancer-Associated Fibroblasts,0.16023649669144607,0.2807759899190889
cell_437,Cancer-Associated Fibroblasts,0.18784708341872333,0.21481807453017387
cell_438,Cancer-Associated Fibroblasts,0.1927949477712652,0.2074703798344078
cell_439,Cancer-Associated Fibroblasts,0.19571829602387633,0.2723918042735565
cell_440,Cancer-Associated Fibroblasts,0.18382456582560489,0.16271305102633227
cell_441,Cancer-Associated Fibroblasts,0.31628410691152326,0.21143003895270426
cell_442,Cancer-Associated Fibroblasts,0.17675973951746263,0.22234104439872437
cell_443,Cancer-Associated Fibroblasts,0.265124810508867,0.2218895980154354
cell_444,Cancer-Associated Fibroblasts,0.27862063914468427,0.15248957126020038
cell_445,Cancer-Associated Fibroblasts,0.17846087878454112,0.18000207788488098
cell_446,Cancer-Associated Fibroblasts,0.13021370932085974,0.21501690765245765
cell_447,Cancer-Associated Fibroblasts,0.21649325326936486,0.28062447801238216
cell_448,Cancer-Associated Fibroblasts,0.23265808100436292,0.1070261902532522
cell_449,Cancer-Associated Fibroblasts,0.12994462427063855,0.16347225788096084
cell_450,Cancer-Associated Fibroblasts,0.21136138260411255,0.2671097967669694
cell_451,Cancer-Associated Fibroblasts,0.22770723088963044,0.16366680482136198
cell_452,Cancer-Associated Fibroblasts,0.07595933375756192,0.1662202452313809
cell_453,Cancer-Associated Fibroblasts,0.23409078026604158,0.21032847254786297
cell_454,Cancer-Associated Fibroblasts,0.10455473537709667,0.18582688102875797
cell_455,Cancer-Associated Fibroblasts,0.13325696918981342,0.2593541525866987
cell_456,Cancer-Associated Fibroblasts,0.1926078252903439,0.14153337295037374
cell_457,Cancer-Associated Fibroblasts,0.1563936905624264,0.2983899630356581
cell_458,Cancer-Associated Fibroblasts,0.21890321991859327,0.07135895611999586
cell_459,Cancer-Associated Fibroblasts,0.22041205953935084,0.2634001525408805
cell_460,Cancer-Associated Fibroblasts,0.2235199097779344,0.2606547644035831
cell_461,Cancer-Associated Fibroblasts,0.1638171065614489,0.21180913213670835
cell_462,Cancer-Associated Fibroblasts,0.17846323963563757,0.20722488792824498
cell_463,Cancer-Associated Fibroblasts,0.24253986321617008,0.23999068131983803
cell_464,Cancer-Associated Fibroblasts,0.14298379360227112,0.13240116642809688
cell_465,Cancer-Associated Fibroblasts,0.28895269410061714,0.19483824437576663
cell_466,Cancer-Associated Fibroblasts,0.2013130847894622,0.21806220354386263
cell_467,Cancer-Associated Fibroblasts,0.22672133180882656,0.22649328748798725
cell_468,Cancer-Associated Fibroblasts,0.25868472844067947,0.09916659518902499
cell_469,Cancer-Associated Fibroblasts,0.29806473050801363,0.2100231308516764
cell_470,Cancer-Associated Fibroblasts,0.1181615394195206,0.14401289195229214
cell_471,Cancer-Associated Fibroblasts,0.23466998529852295,0.2234932639748494
cell_472,Cancer-Associated Fibroblasts,0.1835045393963702,0.23516300148277525
cell_473,Cancer-Associated Fibroblasts,0.20089188024346433,0.22145478393554446
cell_474,Cancer-Associated Fibroblasts,0.15608030466188835,0.22511575880907972
cell_475,Cancer-Associated Fibroblasts,0.11746523933526608,0.28056855547396214
cell_476,Cancer-Associated Fibroblasts,0.26320544019353054,0.19489804180285653
cell_477,Cancer-Associated Fibroblasts,0.19385003507025145,0.26395534656051217
cell_478,Cancer-Associated Fibroblasts,0.32796544686094653,0.2041713201999762
cell_479,Cancer-Associated Fibroblasts,0.17297237619292874,0.2214486842140266
cell_480,Cancer-Associated Fibroblasts,0.19913112268406064,0.15598819294074714
cell_481,Cancer-Associated Fibroblasts,0.19666126383377602,0.22436202634680094
cell_482,Cancer-Associated Fibroblasts,0.14970937087589767,0.18087412438623052
cell_483,Cancer-Associated Fibroblasts,0.2252313775663733,0.14761335176864657
cell_484,Cancer-Associated Fibroblasts,0.2757455519266901,0.1635903270466466
cell_485,Cancer-Associated Fibroblasts,0.23638405501027668,0.30765644007530646
cell_486,Cancer-Associated Fibroblasts,0.18536295589526464,0.2359314187425654
cell_487,Cancer-Associated Fibroblasts,0.14105842197388926,0.23682722662645692
cell_488,Cancer-Associated Fibroblasts,0.15697728634391928,0.21987164250317917
cell_489,Cancer-Associated Fibroblasts,0.15958728162488303,0.09363679234630223
cell_490,Cancer-Associated Fibroblasts,0.14236421266265642,0.2676065440518147
cell_491,Cancer-Associated Fibroblasts,0.16576828752210426,0.338125295271928
cell_492,Cancer-Associated Fibroblasts,0.20081546994814342,0.28500109297191434
cell_493,Cancer-Associated Fibroblasts,0.16828724390664934,0.23548293675781948
cell_494,Cancer-Associated Fibroblasts,0.20442447981555378,0.15467471267929897
cell_495,Cancer-Associated Fibroblasts,0.2662763932365378,0.25412461523509167
cell_496,Cancer-Associated Fibroblasts,0.2179189536947845,0.2152040064769681
cell_497,Cancer-Associated Fibroblasts,0.2235906348605421,0.08777909777453588
cell_498,Cancer-Associated Fibroblasts,0.23417592371368479,0.25351896760771814
cell_499,Cancer-Associated Fibroblasts,0.1481427173508514,0.28089443333122527
cell_500,Regulatory T Cells (Tregs),0.08767085028940816,3.8293981719215444
cell_501,Regulatory T Cells (Tregs),0.13505515173034646,3.5864517661009354
cell_502,Regulatory T Cells (Tregs),0.14413998150442747,3.410594617018731
cell_503,Regulatory T Cells (Tregs),0.07933071054182635,3.6862767941030645
cell_504,Regulatory T Cells (Tregs),0.1183096584909638,4.697162958498735
cell_505,Regulatory T Cells (Tregs),0.051887662162686164,3.6901688865382667
cell_506,Regulatory T Cells (Tregs),0.13018209223070662,4.151974581578947
cell_507,Regulatory T Cells (Tregs),0.024648904273627106,3.6905178025236376
cell_508,Regulatory T Cells (Tregs),0.1109610155002436,2.8555010215462375
cell_509,Regulatory T Cells (Tregs),0.12256966474701401,4.280717986908832
cell_510,Regulatory T Cells (Tregs),0.12769577068478893,3.5496449105854935
cell_511,Regulatory T Cells (Tregs),0.15364061253249664,3.251101761815894
cell_512,Regulatory T Cells (Tregs),0.09672582962086765,3.505206495133453
cell_513,Regulatory T Cells (Tregs),0.0776949200254766,3.804212118602322
cell_514,Regulatory T Cells (Tregs),0.0896669301984114,4.574032231608146
cell_515,Regulatory T Cells (Tregs),0.04868972633915872,3.6864619547503454
cell_516,Regulatory T Cells (Tregs),0.12580354196434312,2.4646210213220936
cell_517,Regulatory T Cells (Tregs),0.1736147253151767,3.193793207755482
cell_518,Regulatory T Cells (Tregs),0.1461285295033006,4.323489969702283
cell_519,Regulatory T Cells (Tregs),0.13738613914338693,2.8184378251185667
cell_520,Regulatory T Cells (Tregs),0.044269769757379666,2.1903992658557856
cell_521,Regulatory T Cells (Tregs),0.09342851484291224,3.2439438065207753
cell_522,Regulatory T Cells (Tregs),0.11806206500126477,2.61741236143354
cell_523,Regulatory T Cells (Tregs),0.0718922512882351,4.388902119971381
cell_524,Regulatory T Cells (Tregs),0.09011840135849707,4.144026109614227
cell_525,Regulatory T Cells (Tregs),0.06324685711009602,4.049141960415872
cell_526,Regulatory T Cells (Tregs),0.14082375076935327,3.6473651669909
cell_527,Regulatory T Cells (Tregs),0.061202319255958655,3.037988795921342
cell_528,Regulatory T Cells (Tregs),0.07812713004862408,3.7072727939933765
cell_529,Regulatory T Cells (Tregs),0.028724505854151774,3.406506352659293
cell_530,Regulatory T Cells (Tregs),0.12096087846977356,4.213725680706607
cell_531,Regulatory T Cells (Tregs),0.06740561984842522,4.069561584955968
cell_532,Regulatory T Cells (Tregs),0.09141647632747187,3.588196977751856
cell_533,Regulatory T Cells (Tregs),0.041491032489451546,2.8516378294612044
cell_534,Regulatory T Cells (Tregs),0.07377306839582413,4.308738147459876
cell_535,Regulatory T Cells (Tregs),0.0,3.429271882868935
cell_536,Regulatory T Cells (Tregs),0.14938780593174317,3.4453986937814545
cell_537,Regulatory T Cells (Tregs),0.09366196511512173,3.7352281173706925
cell_538,Regulatory T Cells (Tregs),0.060791465676259926,3.487944387793255
cell_539,Regulatory T Cells (Tregs),0.06293019867913127,4.710244820656083
cell_540,Regulatory T Cells (Tregs),0.08325656972629002,4.085950438640359
cell_541,Regulatory T Cells (Tregs),0.14953021917345488,3.3729094981784375
cell_542,Regulatory T Cells (Tregs),0.10689705219352025,3.356380097912948
cell_543,Regulatory T Cells (Tregs),0.06984348982057491,4.013142301947624
cell_544,Regulatory T Cells (Tregs),0.1783288033851626,2.3122786207950194
cell_545,Regulatory T Cells (Tregs),0.07906605562041209,2.6610834634875644
cell_546,Regulatory T Cells (Tregs),0.10487286314014352,4.829664043266338
cell_547,Regulatory T Cells (Tregs),0.031276607548933556,4.090546154405164
cell_548,Regulatory T Cells (Tregs),0.17250508547000537,4.535313884895069
cell_549,Regulatory T Cells (Tregs),0.08357108192880726,4.382615471072129
cell_550,Regulatory T Cells (Tregs),0.18484039767982471,3.62162444214127
cell_551,Regulatory T Cells (Tregs),0.05446709912143708,4.216951779291573
cell_552,Regulatory T Cells (Tregs),0.02079820737350603,2.968216196551338
cell_553,Regulatory T Cells (Tregs),0.11923109142001583,4.569402955563622
cell_554,Regulatory T Cells (Tregs),0.12430208741367482,3.806839811108005
cell_555,Regulatory T Cells (Tregs),0.1310068089411761,3.572863795100257
cell_556,Regulatory T Cells (Tregs),0.0919767575378679,4.007860420315993
cell_557,Regulatory T Cells (Tregs),0.08525921386727017,3.8889962776126703
cell_558,Regulatory T Cells (Tregs),0.09935770521487455,4.387897936731486
cell_559,Regulatory T Cells (Tregs),0.0930912586690419,3.4104279367722405
cell_560,Regulatory T Cells (Tregs),0.09719874158481634,4.453732190086924
cell_561,Regulatory T Cells (Tregs),0.10248551253280316,2.8340564860404256
cell_562,Regulatory T Cells (Tregs),0.1387128445387674,3.4325215751259477
cell_563,Regulatory T Cells (Tregs),0.049466732016197106,3.9377016237688687
cell_564,Regulatory T Cells (Tregs),0.09890459934366935,2.300712184852548
cell_565,Regulatory T Cells (Tregs),0.031036502644031162,2.2037338523701364
cell_566,Regulatory T Cells (Tregs),0.0,3.548344615778926
cell_567,Regulatory T Cells (Tregs),0.05196955602016414,3.0938655474046812
cell_568,Regulatory T Cells (Tregs),0.1761996701347487,3.400081604077484
cell_569,Regulatory T Cells (Tregs),0.1272974265974594,3.656121712973216
cell_570,Regulatory T Cells (Tregs),0.12420241583691408,1.4476693487909686
cell_571,Regulatory T Cells (Tregs),0.10385910807500161,3.0266538433335555
cell_572,Regulatory T Cells (Tregs),0.08138772652284326,3.6329853727554777
cell_573,Regulatory T Cells (Tregs),0.08977213796573079,3.0687090405380117
cell_574,Regulatory T Cells (Tregs),0.1389699475366822,2.404492716868146
cell_575,Regulatory T Cells (Tregs),0.07074237684274969,3.3898876107374236
cell_576,Regulatory T Cells (Tregs),0.18094465702053716,3.8193927445604787
cell_577,Regulatory T Cells (Tregs),0.12564402604181418,3.0561727019844134
cell_578,Regulatory T Cells (Tregs),0.2523537294138323,4.3880391885851076
cell_579,Regulatory T Cells (Tregs),0.058338911015522216,4.355057683742858
cell_580,Regulatory T Cells (Tregs),0.08265338168164095,4.478987501136672
cell_581,Regulatory T Cells (Tregs),0.12562200731872641,2.562212836220348
cell_582,Regulatory T Cells (Tregs),0.15426000546280189,2.941877057828434
cell_583,Regulatory T Cells (Tregs),0.0696798113001956,3.059732861367032
cell_584,Regulatory T Cells (Tregs),0.057664268341782565,3.8352036249583263
cell_585,Regulatory T Cells (Tregs),0.09447071957996168,4.009319509274581
cell_586,Regulatory T Cells (Tregs),0.07615534636837115,3.4502074460371643
cell_587,Regulatory T Cells (Tregs),0.14604128324133347,3.86664757748909
cell_588,Regulatory T Cells (Tregs),0.09233798271958928,4.999610996046899
cell_589,Regulatory T Cells (Tregs),0.09107809971306492,4.938879409808409
cell_590,Regulatory T Cells (Tregs),0.14450335410307652,3.6271644924275153
cell_591,Regulatory T Cells (Tregs),0.018669351210436325,3.3339827365360266
cell_592,Regulatory T Cells (Tregs),0.06051582693276176,2.9828485685130985
cell_593,Regulatory T Cells (Tregs),0.0,4.695489052209934
cell_594,Regulatory T Cells (Tregs),0.12730456650056454,2.792594296793882
cell_595,Regulatory T Cells (Tregs),0.03700746158750678,3.1514011873090153
cell_596,Regulatory T Cells (Tregs),0.11768072775951467,3.150556867470345
cell_597,Regulatory T Cells (Tregs),0.09157998715888216,3.1598579798877235
cell_598,Regulatory T Cells (Tregs),0.01696236136967949,2.445689014429628
cell_599,Regulatory T Cells (Tregs),0.04878730090594083,2.9182220129767575
cell_600,CD8+ Cytotoxic T Cells,0.09209646337095118,0.7859719409375909
cell_601,CD8+ Cytotoxic T Cells,0.102503394749759,1.1642807792287182
cell_602,CD8+ Cytotoxic T Cells,0.11869275467786315,1.5878617401475756
cell_603,CD8+ Cytotoxic T Cells,0.052471601410868596,1.3370383516994748
cell_604,CD8+ Cytotoxic T Cells,0.10274920071493363,0.8144478083738684
cell_605,CD8+ Cytotoxic T Cells,0.13453107159094913,1.0069560311696988
cell_606,CD8+ Cytotoxic T Cells,0.06942729025921905,1.0518929750363253
cell_607,CD8+ Cytotoxic T Cells,0.16927641453147174,1.8560848494241438
cell_608,CD8+ Cytotoxic T Cells,0.05397858510664251,1.1873544731159291
cell_609,CD8+ Cytotoxic T Cells,0.09731140321912832,1.3075453260461647
cell_610,CD8+ Cytotoxic T Cells,0.09748152764118641,1.5331925256088317
cell_611,CD8+ Cytotoxic T Cells,0.15788378516819762,0.739704942977259
cell_612,CD8+ Cytotoxic T Cells,0.1384749952462295,1.1227509511769238
cell_613,CD8+ Cytotoxic T Cells,0.10384766250349588,1.2753737419132916
cell_614,CD8+ Cytotoxic T Cells,0.007512596604330579,1.2513003638680473
cell_615,CD8+ Cytotoxic T Cells,0.07909146811680662,0.34641778864759987
cell_616,CD8+ Cytotoxic T Cells,0.08634548617401865,1.5643087353234582
cell_617,CD8+ Cytotoxic T Cells,0.09765405194186416,1.065319038905134
cell_618,CD8+ Cytotoxic T Cells,0.07376431428915567,0.8981451003852884
cell_619,CD8+ Cytotoxic T Cells,0.05992661242559312,1.8955150910415108
cell_620,CD8+ Cytotoxic T Cells,0.09492277355826931,1.3385000641757028
cell_621,CD8+ Cytotoxic T Cells,0.0762877490952126,1.13611893956655
cell_622,CD8+ Cytotoxic T Cells,0.09963452959096764,0.8672072662489243
cell_623,CD8+ Cytotoxic T Cells,0.10393947252897834,1.6276729726693604
cell_624,CD8+ Cytotoxic T Cells,0.10075953648028853,1.379285115642724
cell_625,CD8+ Cytotoxic T Cells,0.1161964895226085,1.1360236266242922
cell_626,CD8+ Cytotoxic T Cells,0.10460018660035746,1.351440243916095
cell_627,CD8+ Cytotoxic T Cells,0.14377710441767882,1.0889941670600585
cell_628,CD8+ Cytotoxic T Cells,0.12335322927023462,1.7147743373833046
cell_629,CD8+ Cytotoxic T Cells,0.14716976829212067,0.7911530562657176
cell_630,CD8+ Cytotoxic T Cells,0.13273691350998043,1.5457029334715875
cell_631,CD8+ Cytotoxic T Cells,0.0999710659321478,1.04195244799153
cell_632,CD8+ Cytotoxic T Cells,0.035957251232373255,1.4409310582958559
cell_633,CD8+ Cytotoxic T Cells,0.010001203397944393,1.8367137361939234
cell_634,CD8+ Cytotoxic T Cells,0.07998192836799331,1.3235200977414014
cell_635,CD8+ Cytotoxic T Cells,0.0,1.3974907707216881
cell_636,CD8+ Cytotoxic T Cells,0.14061761359128566,0.15776573041796726
cell_637,CD8+ Cytotoxic T Cells,0.08766450274529447,1.3057289221543795
cell_638,CD8+ Cytotoxic T Cells,0.025868620040167878,1.1108802336987302
cell_639,CD8+ Cytotoxic T Cells,0.10656566467549684,1.4182540360249198
cell_640,CD8+ Cytotoxic T Cells,0.1603668481256009,1.6060782373279239
cell_641,CD8+ Cytotoxic T Cells,0.0912146633004052,1.376962361174117
cell_642,CD8+ Cytotoxic T Cells,0.0807141782482206,1.2315356003518818
cell_643,CD8+ Cytotoxic T Cells,0.16557419144844046,0.47163669063719105
cell_644,CD8+ Cytotoxic T Cells,0.16380100849831114,0.9391195751837472
cell_645,CD8+ Cytotoxic T Cells,0.03831786867508527,1.0326889572035043
cell_646,CD8+ Cytotoxic T Cells,0.04421574412714782,1.2256322303859402
cell_647,CD8+ Cytotoxic T Cells,0.06831676810376175,0.8093481270168185
cell_648,CD8+ Cytotoxic T Cells,0.12164399650861457,0.133347792603947
cell_649,CD8+ Cytotoxic T Cells,0.11782873355816041,1.6663855134428498
cell_650,CD8+ Cytotoxic T Cells,0.12878647905756854,1.6191549648521537
cell_651,CD8+ Cytotoxic T Cells,0.0,1.0379523161378992
cell_652,CD8+ Cytotoxic T Cells,0.13934575128569157,1.3667902601259398
cell_653,CD8+ Cytotoxic T Cells,0.021124472681664785,0.2337869287653569
cell_654,CD8+ Cytotoxic T Cells,0.09690851971881746,0.6896941022773926
cell_655,CD8+ Cytotoxic T Cells,0.0,1.2795964710605237
cell_656,CD8+ Cytotoxic T Cells,0.06568291073657571,1.198006106653391
cell_657,CD8+ Cytotoxic T Cells,0.14184530915776125,1.1910889545722871
cell_658,CD8+ Cytotoxic T Cells,0.04786290677329608,1.483507527903641
cell_659,CD8+ Cytotoxic T Cells,0.18141034115019353,1.9245757114035316
cell_660,CD8+ Cytotoxic T Cells,0.13008516134052883,0.9640709876551644
cell_661,CD8+ Cytotoxic T Cells,0.11982690341996675,1.4896656439203504
cell_662,CD8+ Cytotoxic T Cells,0.07627481545294366,0.8763401115664815
cell_663,CD8+ Cytotoxic T Cells,0.1158535713155043,0.4151604821517768
cell_664,CD8+ Cytotoxic T Cells,0.09526487723851594,0.45259969220600993
cell_665,CD8+ Cytotoxic T Cells,0.04741776636409831,0.7385211072615067
cell_666,CD8+ Cytotoxic T Cells,0.09467350446144995,0.35733328841984846
cell_667,CD8+ Cytotoxic T Cells,0.05146104846090786,0.7647998371613078
cell_668,CD8+ Cytotoxic T Cells,0.14913976805539558,1.0290877979985154
cell_669,CD8+ Cytotoxic T Cells,0.09996727015905235,0.9465291707129717
cell_670,CD8+ Cytotoxic T Cells,0.07034727631184563,1.1185365699902403
cell_671,CD8+ Cytotoxic T Cells,0.01867898457797137,1.4205802819513413
cell_672,CD8+ Cytotoxic T Cells,0.0641000277641667,1.423438312022223
cell_673,CD8+ Cytotoxic T Cells,0.0650539237632672,0.8717997989728334
cell_674,CD8+ Cytotoxic T Cells,0.136386562327743,0.05535762017905064
cell_675,CD8+ Cytotoxic T Cells,0.07167952609133785,1.475228630566446
cell_676,CD8+ Cytotoxic T Cells,0.11472264200724279,1.8997626236113418
cell_677,CD8+ Cytotoxic T Cells,0.015671036547408923,1.1940844324001196
cell_678,CD8+ Cytotoxic T Cells,0.12342106780518258,0.5977441154416596
cell_679,CD8+ Cytotoxic T Cells,0.16432649509962763,0.9883398196343002
cell_680,CD8+ Cytotoxic T Cells,0.09377327450744856,1.546407850555747
cell_681,CD8+ Cytotoxic T Cells,0.12473236943305627,1.1422069327400879
cell_682,CD8+ Cytotoxic T Cells,0.057738139529986174,1.4624121648454793
cell_683,CD8+ Cytotoxic T Cells,0.16921129830712386,1.375327718923871
cell_684,CD8+ Cytotoxic T Cells,0.08951655545687708,0.6750736305689988
cell_685,CD8+ Cytotoxic T Cells,0.07965165355956767,1.0078655958043137
cell_686,CD8+ Cytotoxic T Cells,0.2389348754666481,0.8347697874244665
cell_687,CD8+ Cytotoxic T Cells,0.15520999904869254,0.9654004019025345
cell_688,CD8+ Cytotoxic T Cells,0.05826706857462365,0.6778913712438682
cell_689,CD8+ Cytotoxic T Cells,0.023463739052476253,0.7304578993325792
cell_690,CD8+ Cytotoxic T Cells,0.11783862378244357,0.9882622201836411
cell_691,CD8+ Cytotoxic T Cells,0.1059275404018086,0.804082503371248
cell_692,CD8+ Cytotoxic T Cells,0.12174089316477374,0.635183750644517
cell_693,CD8+ Cytotoxic T Cells,0.010493808461027732,1.0672024602950811
cell_694,CD8+ Cytotoxic T Cells,0.23974469287739913,0.9095901963560639
cell_695,CD8+ Cytotoxic T Cells,0.20452183907063065,2.0923950923689194
cell_696,CD8+ Cytotoxic T Cells,0.14479855616520654,1.0549979308659487
cell_697,CD8+ Cytotoxic T Cells,0.11000414392191861,1.35705041749634
cell_698,CD8+ Cytotoxic T Cells,0.03348791960212479,1.4162873621379972
cell_699,CD8+ Cytotoxic T Cells,0.11562534119006308,0.7735356799275126
cell_700,CD8+ Cytotoxic T Cells,0.07236708142776418,1.5283036088088628
cell_701,CD8+ Cytotoxic T Cells,0.1611112818990192,1.8199032825053314
cell_702,CD8+ Cytotoxic T Cells,0.05380929741616645,0.3615191030745259
cell_703,CD8+ Cytotoxic T Cells,0.0658252160058251,1.595349255098824
cell_704,CD8+ Cytotoxic T Cells,0.1350208040562904,1.1699739412590378
cell_705,CD8+ Cytotoxic T Cells,0.15345161808336136,0.5111135791545525
cell_706,CD8+ Cytotoxic T Cells,0.1083473694084396,0.8296032095713791
cell_707,CD8+ Cytotoxic T Cells,0.07543935251108952,1.2475715129906613
cell_708,CD8+ Cytotoxic T Cells,0.05656295735100991,1.042826188504694
cell_709,CD8+ Cytotoxic T Cells,0.08458341047124865,1.4633967469594014
cell_710,CD8+ Cytotoxic T Cells,0.0662730947267177,0.4985571619073618
cell_711,CD8+ Cytotoxic T Cells,0.0,1.4548016995998583
cell_712,CD8+ Cytotoxic T Cells,0.12084165148243832,0.5725954226805062
cell_713,CD8+ Cytotoxic T Cells,0.07267417486450002,0.8480345805631981
cell_714,CD8+ Cytotoxic T Cells,0.061806250145210614,0.6186865621182813
cell_715,CD8+ Cytotoxic T Cells,0.0,1.1423628437591271
cell_716,CD8+ Cytotoxic T Cells,0.13862495509087852,1.6106044388235081
cell_717,CD8+ Cytotoxic T Cells,0.08023488190386915,1.79072921311772
cell_718,CD8+ Cytotoxic T Cells,0.06825429557040345,0.5652126800589833
cell_719,CD8+ Cytotoxic T Cells,0.046674951519197296,1.256644996154401
cell_720,CD8+ Cytotoxic T Cells,0.09913835057086322,1.2237404918689436
cell_721,CD8+ Cytotoxic T Cells,0.05210582520143499,1.0061401980236577
cell_722,CD8+ Cytotoxic T Cells,0.10880384353067522,0.6707361920328551
cell_723,CD8+ Cytotoxic T Cells,0.06555791099611628,1.444618608198851
cell_724,CD8+ Cytotoxic T Cells,0.09824047110642571,0.7227437529483829
cell_725,CD8+ Cytotoxic T Cells,0.09080894770354457,1.4070898865576422
cell_726,CD8+ Cytotoxic T Cells,0.1129672981735648,1.0611181630223714
cell_727,CD8+ Cytotoxic T Cells,0.06442358998682758,1.44194581461141
cell_728,CD8+ Cytotoxic T Cells,0.0822265187905807,0.9720933072917832
cell_729,CD8+ Cytotoxic T Cells,0.11388065904169019,0.4770467314618159
cell_730,CD8+ Cytotoxic T Cells,0.09147320134795164,0.8857708603167239
cell_731,CD8+ Cytotoxic T Cells,0.1731026133164719,0.5203195492770403
cell_732,CD8+ Cytotoxic T Cells,0.16486791435527448,1.4554104406124433
cell_733,CD8+ Cytotoxic T Cells,0.10799971335528503,1.4070224897921944
cell_734,CD8+ Cytotoxic T Cells,0.15984870852790234,0.9677377938789672
cell_735,CD8+ Cytotoxic T Cells,0.07200340095491278,1.2963986973568857
cell_736,CD8+ Cytotoxic T Cells,0.17121177855346478,1.9393807452466083
cell_737,CD8+ Cytotoxic T Cells,0.085866883896095,1.0790929852095519
cell_738,CD8+ Cytotoxic T Cells,0.19019970234792774,1.2976099634327611
cell_739,CD8+ Cytotoxic T Cells,0.13546576281059808,1.2577359052089925
cell_740,CD8+ Cytotoxic T Cells,0.0722845814200125,0.7884685629045289
cell_741,CD8+ Cytotoxic T Cells,0.008968192716238266,1.5910385971649699
cell_742,CD8+ Cytotoxic T Cells,0.17127735995131244,0.8958207967998855
cell_743,CD8+ Cytotoxic T Cells,0.07558596316929958,0.775498756921069
cell_744,CD8+ Cytotoxic T Cells,0.000928321106237695,0.9828146763560371
cell_745,CD8+ Cytotoxic T Cells,0.1269482950030432,1.3653383098444303
cell_746,CD8+ Cytotoxic T Cells,0.06702560492794525,1.6669404534442702
cell_747,CD8+ Cytotoxic T Cells,0.1330466005222327,1.3386236421172766
cell_748,CD8+ Cytotoxic T Cells,0.05396480818217174,0.7478345910948071
cell_749,CD8+ Cytotoxic T Cells,0.2080674489287032,1.0630332659685775
cell_750,CD8+ Cytotoxic T Cells,0.17541879935334018,1.5253116331859642
cell_751,CD8+ Cytotoxic T Cells,0.03758041544993038,1.5336253233997417
cell_752,CD8+ Cytotoxic T Cells,0.07396965473143323,0.9207471464265323
cell_753,CD8+ Cytotoxic T Cells,0.020579634514539782,0.9272404618901969
cell_754,CD8+ Cytotoxic T Cells,0.10101759132241658,2.12051570683794
cell_755,CD8+ Cytotoxic T Cells,0.12732045768186986,1.8916475191251656
cell_756,CD8+ Cytotoxic T Cells,0.17147963112542572,1.2299845840698047
cell_757,CD8+ Cytotoxic T Cells,0.13213631944530405,0.9646820595631725
cell_758,CD8+ Cytotoxic T Cells,0.01899296678644387,1.6454220832248216
cell_759,CD8+ Cytotoxic T Cells,0.04033511843726734,0.2375837182474858
cell_760,CD8+ Cytotoxic T Cells,0.11194801004474446,0.9641123059676492
cell_761,CD8+ Cytotoxic T Cells,0.19686561203468755,1.1584681332985787
cell_762,CD8+ Cytotoxic T Cells,0.10693856184805527,1.3679046503620993
cell_763,CD8+ Cytotoxic T Cells,0.08648191562509108,1.0499658813881925
cell_764,CD8+ Cytotoxic T Cells,0.07607195895976751,1.500148265178139
cell_765,CD8+ Cytotoxic T Cells,0.158151771027693,1.8747008992198504
cell_766,CD8+ Cytotoxic T Cells,0.13216134823247222,0.7627561544610272
cell_767,CD8+ Cytotoxic T Cells,0.007485352751286334,0.8609385831662606
cell_768,CD8+ Cytotoxic T Cells,0.04848456525019939,1.6724677230959253
cell_769,CD8+ Cytotoxic T Cells,0.13998708488865316,0.8871312683327479
cell_770,CD8+ Cytotoxic T Cells,0.12575070000010727,1.1293412696423668
cell_771,CD8+ Cytotoxic T Cells,0.08898504724291285,1.5732422639656478
cell_772,CD8+ Cytotoxic T Cells,0.1071795890159405,1.083235206251799
cell_773,CD8+ Cytotoxic T Cells,0.09302538939056067,1.4160605995480235
cell_774,CD8+ Cytotoxic T Cells,0.11389455042452938,0.3246418586785009
cell_775,CD8+ Cytotoxic T Cells,0.07964842625120719,0.525835591819092
cell_776,CD8+ Cytotoxic T Cells,0.14576773362823903,0.9460413463036145
cell_777,CD8+ Cytotoxic T Cells,0.18829816670045144,0.7986491324558717
cell_778,CD8+ Cytotoxic T Cells,0.09746270982975515,0.7863262621002497
cell_779,CD8+ Cytotoxic T Cells,0.06638274133320281,1.6036619074206437
cell_780,CD8+ Cytotoxic T Cells,0.11485290726936373,1.2804637919256976
cell_781,CD8+ Cytotoxic T Cells,0.13218365092745504,1.2465366682430168
cell_782,CD8+ Cytotoxic T Cells,0.1323733978858002,1.5222093722158545
cell_783,CD8+ Cytotoxic T Cells,0.07131090379684618,0.7316182452128663
cell_784,CD8+ Cytotoxic T Cells,0.10081836882652472,1.311295913975613
cell_785,CD8+ Cytotoxic T Cells,0.08045861780286202,1.8686974253134303
cell_786,CD8+ Cytotoxic T Cells,0.004914835484403347,1.7147927695005933
cell_787,CD8+ Cytotoxic T Cells,0.16597234018739068,1.0755089242833715
cell_788,CD8+ Cytotoxic T Cells,0.11723872776004805,1.1468659682999118
cell_789,CD8+ Cytotoxic T Cells,0.10771689886401711,1.725397963548551
cell_790,CD8+ Cytotoxic T Cells,0.1745372469042299,1.8742293380761006
cell_791,CD8+ Cytotoxic T Cells,0.14206765998195342,0.7172669297410598
cell_792,CD8+ Cytotoxic T Cells,0.13238152887782792,1.383095351248809
cell_793,CD8+ Cytotoxic T Cells,0.05548763118303548,1.3604076134393344
cell_794,CD8+ Cytotoxic T Cells,0.14396346983134337,0.9014532141226642
cell_795,CD8+ Cytotoxic T Cells,0.183469891081894,1.2550895441651155
cell_796,CD8+ Cytotoxic T Cells,0.09772242497910628,1.7760135985818335
cell_797,CD8+ Cytotoxic T Cells,0.09511529742581912,0.992196370389098
cell_798,CD8+ Cytotoxic T Cells,0.11807362574477442,1.24602851980881
cell_799,CD8+ Cytotoxic T Cells,0.04056991294787052,1.560698990487438
cell_800,Endothelial Cells,0.039939603010524787,0.1022652909171161
cell_801,Endothelial Cells,0.08598502161103386,0.01094213383661793
cell_802,Endothelial Cells,0.1296111744194381,0.2524579262254007
cell_803,Endothelial Cells,0.14005755011501997,0.135180568228794
cell_804,Endothelial Cells,0.050987649251034356,0.145377295773
cell_805,Endothelial Cells,0.1077050561681858,0.07179216048385116
cell_806,Endothelial Cells,0.09410907124753247,0.18387152390186895
cell_807,Endothelial Cells,0.1411623999626507,0.1530798626746649
cell_808,Endothelial Cells,0.07799576796693812,0.02853475228980006
cell_809,Endothelial Cells,0.06614726145427395,0.1560946283810094
cell_810,Endothelial Cells,0.0,0.10118255779363275
cell_811,Endothelial Cells,0.0,0.11493167904546221
cell_812,Endothelial Cells,0.06323858505224966,0.07470955807604632
cell_813,Endothelial Cells,0.0,0.11448034652722719
cell_814,Endothelial Cells,0.09215177520452855,0.10770148215175289
cell_815,Endothelial Cells,0.08730601821285743,0.10247953043888301
cell_816,Endothelial Cells,0.12304020466465335,0.132390460053951
cell_817,Endothelial Cells,0.009849602179621653,0.14743174007843748
cell_818,Endothelial Cells,0.17862431227128356,0.09568718708474629
cell_819,Endothelial Cells,0.08882440995779532,0.1096786383540717
cell_820,Endothelial Cells,0.11549953523583421,0.10399329009939219
cell_821,Endothelial Cells,0.2240020086967394,0.1408861472732599
cell_822,Endothelial Cells,0.06354762446359265,0.13880808505895367
cell_823,Endothelial Cells,0.12660054742942087,0.09848566649872117
cell_824,Endothelial Cells,0.048541193020205264,0.08820397523791361
cell_825,Endothelial Cells,0.09111390876483898,0.13197632104941598
cell_826,Endothelial Cells,0.03215494821475169,0.14684709691927045
cell_827,Endothelial Cells,0.09163364357838841,0.1748967957559558
cell_828,Endothelial Cells,0.10621485644020018,0.05937252245854874
cell_829,Endothelial Cells,0.08740368111759819,0.05659678434307503
cell_830,Endothelial Cells,0.22362668155334603,0.07834812893235692
cell_831,Endothelial Cells,0.029462758721894234,0.1339200968143594
cell_832,Endothelial Cells,0.09929227291689442,0.07876633247099349
cell_833,Endothelial Cells,0.19949893152765766,0.0657287712609816
cell_834,Endothelial Cells,0.18817803645333225,0.13784713324083506
cell_835,Endothelial Cells,0.11701866843822868,0.1668759630801514
cell_836,Endothelial Cells,0.045367514679107684,0.033812672360392336
cell_837,Endothelial Cells,0.1274774804901607,0.049177872633377556
cell_838,Endothelial Cells,0.11652607971516021,0.09256304508847565
cell_839,Endothelial Cells,0.0541729964474454,0.018397969656820636
cell_840,Endothelial Cells,0.07181023874918589,0.12296873153354007
cell_841,Endothelial Cells,0.08679706222404761,0.09453880908472982
cell_842,Endothelial Cells,0.1359660123711388,0.050393142214755354
cell_843,Endothelial Cells,0.20702610182865372,0.09196906507722209
cell_844,Endothelial Cells,0.06462264578795697,0.07885728757585277
cell_845,Endothelial Cells,0.053585796575806005,0.17882711966636433
cell_846,Endothelial Cells,0.12828952603948016,0.23994245455137833
cell_847,Endothelial Cells,0.07950621788317379,0.12112191667351792
cell_848,Endothelial Cells,0.08082526047711092,0.14504409611188873
cell_849,Endothelial Cells,0.0634650919614349,0.1078606355393211
cell_850,Endothelial Cells,0.16727109040285795,0.10603208302049899
cell_851,Endothelial Cells,0.19697556798252086,0.17335660264111838
cell_852,Endothelial Cells,0.07491403727868558,0.13730404861326376
cell_853,Endothelial Cells,0.10514074925484053,0.1884794619684083
cell_854,Endothelial Cells,0.04958504896559344,0.1365619068019256
cell_855,Endothelial Cells,0.09809667166935991,0.07727568124982284
cell_856,Endothelial Cells,0.0362205826477774,0.14376603705068922
cell_857,Endothelial Cells,0.0,0.06796963054999972
cell_858,Endothelial Cells,0.1226610900120187,0.1389814622488468
cell_859,Endothelial Cells,0.06245673807196042,0.07454223964909772
cell_860,Endothelial Cells,0.12302474916867481,0.1581499565489743
cell_861,Endothelial Cells,0.15743259993350417,0.11272540571514586
cell_862,Endothelial Cells,0.014618426474930524,0.06879905707110111
cell_863,Endothelial Cells,0.014250376822730271,0.17217422923854814
cell_864,Endothelial Cells,0.12559547061930787,0.09090574607831385
cell_865,Endothelial Cells,0.05748820828465073,0.09472749904890446
cell_866,Endothelial Cells,0.12586265813659342,0.13423257279456202
cell_867,Endothelial Cells,0.01303319235181749,0.1400842022160304
cell_868,Endothelial Cells,0.09643586055128096,0.0987380000659241
cell_869,Endothelial Cells,0.1522679207868652,0.05111946778880282
cell_870,Endothelial Cells,0.16627126875048087,0.04806358700881073
cell_871,Endothelial Cells,0.13427836949757058,0.12607535034173126
cell_872,Endothelial Cells,0.03165310623418638,0.10633973213802268
cell_873,Endothelial Cells,0.1567563867972036,0.0537625924376923
cell_874,Endothelial Cells,0.11564668781584983,0.12019625847017364
cell_875,Endothelial Cells,0.12044714371712331,0.07368970365675341
cell_876,Endothelial Cells,0.10254170829308383,0.06215414492314035
cell_877,Endothelial Cells,0.09895572585101174,0.11086610492034531
cell_878,Endothelial Cells,0.11555261651481565,0.06823374624581759
cell_879,Endothelial Cells,0.1049787537293484,0.045118554216238616
cell_880,Endothelial Cells,0.10250888066428551,0.1160300303568539
cell_881,Endothelial Cells,0.14438586747670681,0.006233346433283483
cell_882,Endothelial Cells,0.15101717852691157,0.1752768782166138
cell_883,Endothelial Cells,0.026179338558574863,0.08307542930128341
cell_884,Endothelial Cells,0.13645916551982298,0.25411003467212995
cell_885,Endothelial Cells,0.07456848977214302,0.1250379727473629
cell_886,Endothelial Cells,0.11866886015403424,0.14527240898927501
cell_887,Endothelial Cells,0.11846635986449783,0.11532191933428088
cell_888,Endothelial Cells,0.10228548105112029,0.07229903878325004
cell_889,Endothelial Cells,0.09068090253165983,0.08465219508603895
cell_890,Endothelial Cells,0.15574361215148413,0.02766443368976962
cell_891,Endothelial Cells,0.14253887929730952,0.06250155991909233
cell_892,Endothelial Cells,0.05987125049332218,0.08175790753578097
cell_893,Endothelial Cells,0.13965311683500464,0.06124259229578708
cell_894,Endothelial Cells,0.21558291520839956,0.1635713734806712
cell_895,Endothelial Cells,0.05498881477942282,0.12782542642770145
cell_896,Endothelial Cells,0.1437306841325698,0.03333856433173517
cell_897,Endothelial Cells,0.1634277933076961,0.16830232345294732
cell_898,Endothelial Cells,0.14332974959589698,0.10334703471243975
cell_899,Endothelial Cells,0.16752608419322448,0.12097852583020373
cell_900,Normal Pancreas,0.027726615272475386,0.09546938561378251
cell_901,Normal Pancreas,0.1307398410006218,0.16532556178162947
cell_902,Normal Pancreas,0.12723397788494295,0.18705067506485726
cell_903,Normal Pancreas,0.11246955954286583,0.18228358110374204
cell_904,Normal Pancreas,0.09540983488259383,0.07539023419501521
cell_905,Normal Pancreas,0.1275927378619554,0.18065006699963876
cell_906,Normal Pancreas,0.10216033402068297,0.08584335848956699
cell_907,Normal Pancreas,0.1732185199209004,0.059494090808235076
cell_908,Normal Pancreas,0.16621962833306853,0.05299740835171404
cell_909,Normal Pancreas,0.063477625305095,0.0887134374406771
cell_910,Normal Pancreas,0.02104258510544259,0.10853313333596264
cell_911,Normal Pancreas,0.015563505258048317,0.12093295656814965
cell_912,Normal Pancreas,0.13107653267672717,0.07163634278620663
cell_913,Normal Pancreas,0.11183392416524313,0.025959978729875634
cell_914,Normal Pancreas,0.0,0.09843612730850679
cell_915,Normal Pancreas,0.1311572225474119,0.05950242350039248
cell_916,Normal Pancreas,0.09286458080430858,0.16275720552928769
cell_917,Normal Pancreas,0.19750603458008775,0.1466654364574529
cell_918,Normal Pancreas,0.022797839037471703,0.07460807768618381
cell_919,Normal Pancreas,0.08480128879844795,0.07679597451280697
cell_920,Normal Pancreas,0.06152005246869105,0.11228850005460288
cell_921,Normal Pancreas,0.13142379134823073,0.07982751603653837
cell_922,Normal Pancreas,0.15078410012234103,0.042125008333250086
cell_923,Normal Pancreas,0.08817724428011779,0.13817444258921677
cell_924,Normal Pancreas,0.11363461000219478,0.10163575854228851
cell_925,Normal Pancreas,0.09102906566509439,0.0267115515770613
cell_926,Normal Pancreas,0.00909241137817599,0.08599731893257942
cell_927,Normal Pancreas,0.07626287977378474,0.0936546235531662
cell_928,Normal Pancreas,0.14012888851206998,0.15280433241784233
cell_929,Normal Pancreas,0.11942022729587286,0.13667489318220835
cell_930,Normal Pancreas,0.12830741161063122,0.11937507288786119
cell_931,Normal Pancreas,0.09380154770444521,0.0
cell_932,Normal Pancreas,0.1007571709644784,0.11399149763097587
cell_933,Normal Pancreas,0.13877833721211,0.09555785921885723
cell_934,Normal Pancreas,0.04057197534706676,0.1715761028813412
cell_935,Normal Pancreas,0.149012761525283,0.08269564530824176
cell_936,Normal Pancreas,0.05165483658398531,0.10344668137452395
cell_937,Normal Pancreas,0.0,0.04622126194368209
cell_938,Normal Pancreas,0.10672810464885107,0.06411064181989722
cell_939,Normal Pancreas,0.12926754887043862,0.10096740668735996
cell_940,Normal Pancreas,0.02386223567773963,0.012222005396652814
cell_941,Normal Pancreas,0.216746936476977,0.07660577863777095
cell_942,Normal Pancreas,0.10160871017559865,0.11583512114461297
cell_943,Normal Pancreas,0.11327548288746192,0.13904087258202627
cell_944,Normal Pancreas,0.054063179867776937,0.0333791597763372
cell_945,Normal Pancreas,0.10613072358475403,0.09418010951570835
cell_946,Normal Pancreas,0.04901820550532308,0.17056536255334367
cell_947,Normal Pancreas,0.06077128606944342,0.13953978161639846
cell_948,Normal Pancreas,0.11558080210189431,0.10471655499594547
cell_949,Normal Pancreas,0.18839766650203155,0.2030439779850369
cell_950,Normal Pancreas,0.11216365476905608,0.10416983615685632
cell_951,Normal Pancreas,0.09152558125724801,0.10853068131360105
cell_952,Normal Pancreas,0.08801224719316707,0.012077876715449399
cell_953,Normal Pancreas,0.04135577264318753,0.1477859719864794
cell_954,Normal Pancreas,0.0940969000031766,0.07883295474544505
cell_955,Normal Pancreas,0.04970453291100929,0.16356075330039183
cell_956,Normal Pancreas,0.04418788957899664,0.08800375040295567
cell_957,Normal Pancreas,0.0878227824579469,0.13718297553365186
cell_958,Normal Pancreas,0.07622753727925712,0.06774560142345745
cell_959,Normal Pancreas,0.12295900705771266,0.02225647303777961
cell_960,Normal Pancreas,0.1257490371138899,0.014666417304994073
cell_961,Normal Pancreas,0.09156189634121614,0.14143154294783022
cell_962,Normal Pancreas,0.06962018586069736,0.08075503955555104
cell_963,Normal Pancreas,0.13754151255847646,0.10763962971740663
cell_964,Normal Pancreas,0.0672174948000842,0.10247826196574619
cell_965,Normal Pancreas,0.1848497035146889,0.13268405526679616
cell_966,Normal Pancreas,0.11149911298709425,0.11229891965798512
cell_967,Normal Pancreas,0.05759884275796229,0.13623909483377925
cell_968,Normal Pancreas,0.06195228907428461,0.15821772377006252
cell_969,Normal Pancreas,0.09474459715479709,0.1286174150856272
cell_970,Normal Pancreas,0.06003451785231257,0.12252205251760263
cell_971,Normal Pancreas,0.07957546876639299,0.08038593989340331
cell_972,Normal Pancreas,0.13050867262945887,0.09816623106975911
cell_973,Normal Pancreas,0.08561308507555566,0.10855249378596851
cell_974,Normal Pancreas,0.0,0.16863664722289767
cell_975,Normal Pancreas,0.09808087454466598,0.13669053083091645
cell_976,Normal Pancreas,0.030880071783435527,0.08036591836732179
cell_977,Normal Pancreas,0.17071825034391297,0.11007229891097008
cell_978,Normal Pancreas,0.13242440980654005,0.11657768427096568
cell_979,Normal Pancreas,0.18459307535315628,0.1091001953331333
cell_980,Normal Pancreas,0.059440294657384644,0.10671118291207654
cell_981,Normal Pancreas,0.02112913539017729,0.13341708636171212
cell_982,Normal Pancreas,0.029735776772139913,0.021846645481589835
cell_983,Normal Pancreas,0.06453306609062678,0.15687520301176364
cell_984,Normal Pancreas,0.14565392481570474,0.10602980591840482
cell_985,Normal Pancreas,0.18135333979530863,0.013662658273555485
cell_986,Normal Pancreas,0.10654084912455002,0.04056278734478405
cell_987,Normal Pancreas,0.0005188455633450828,0.04899771655013055
cell_988,Normal Pancreas,0.016075081384002245,0.0
cell_989,Normal Pancreas,0.13961257201106664,0.11096151259366362
cell_990,Normal Pancreas,0.15612766361112906,0.1036666086894982
cell_991,Normal Pancreas,0.11887799472079262,0.11124905648586779
cell_992,Normal Pancreas,0.10620664403597017,0.09083694250934739
cell_993,Normal Pancreas,0.06982240199405716,0.032562832849482096
cell_994,Normal Pancreas,0.10334891757503699,0.13605157230380446
cell_995,Normal Pancreas,0.0630783625171275,0.03077994840031889
cell_996,Normal Pancreas,0.048041737040543965,0.16874732339843607
cell_997,Normal Pancreas,0.09898908114478408,0.10085738411047611
cell_998,Normal Pancreas,0.14477091379972126,0.13025013584907708
cell_999,Normal Pancreas,0.053531569203716364,0.2237458795748302
