gene,importance_rf
MMP11,0.03839567586088437
RAC1,0.038177472098247955
BPNT1,0.03804258878186472
UBE2T,0.037943222781324296
MISP,0.0295916220576349
RALA,0.028858438437178342
CYB5B,0.028744214610959492
ABHD17C,0.028671700421574627
KPNA2,0.028212142474106673
FOXL1,0.028173815134116688
CCNB1,0.020603207879893875
OCIAD2,0.01988433276232744
PYGB,0.019417748335170973
CLIC1,0.019365826179577886
DNTTIP1,0.01932292189272687
ZNFX1,0.019081378706203786
LMNB1,0.018981954441701435
MMP12,0.018768548900446744
LGALS3BP,0.018750515436798433
WDR1,0.017972044627920788
S100A10,0.01018797156220109
HN1,0.010114674585702955
RCN1,0.010003859652492786
OSBPL10,0.01
LOXL1,0.009890493204841195
PKM,0.009884747247918406
SLC2A1,0.00982841583575854
KIF4A,0.009765305860139429
LAMA4,0.00974358187084971
NQO1,0.009691476110451288
TMEM45B,0.009680027520118388
SLC16A1,0.009658099894291755
AMIGO2,0.009658043413618794
PLAC8,0.00965759089555695
FXYD5,0.009655479977835052
SEPT7,0.009655342314953625
YWHAB,0.009655112632193943
ACTB,0.009653264091245072
PTPRR,0.00965292691997604
MMP9,0.00964150353854659
EPSTI1,0.009546768260641093
FHL2,0.009543104842794635
EMB,0.009542448440263685
CD82,0.009542266335561768
SKAP2,0.009541422333769594
CDK1,0.009436992598361966
XRCC4,0.009431567505346001
ARL6IP1,0.009430911210572228
LAMC2,0.009402551044518483
POSTN,0.009385022575890743
SDC1,0.009327878433664524
RTKN2,0.009327791128141846
LAMB3,0.009326347305389221
SPARC,0.009321541683824165
ITGA2,0.009249380564416052
FERMT1,0.009220364152892561
LAMP5,0.009220137565795847
DSG2,0.00921832011652371
DHFR,0.0092178390983288
CAP1,0.009201405646718147
PALLD,0.00918093827993135
ECT2,0.009096852450352539
CRIP1,0.009090904764425475
NT5E,0.008903508771929825
NDC80,0.008884529912963065
MCM6,0.00886037357256301
PSMD1,0.001109116285519347
AGR2,0.000911275607523046
ITGB6,0.0009054449800827421
DKK1,0.0008859784283513103
C1GALT1,0.0007796358471074383
MKI67,0.0007204974384237159
PLA2G16,0.000678194256725749
GRN,0.0006644507993732552
OAS2,0.0006278518538713799
ANKLE2,0.0005709306976684475
GCNT3,0.0005584087725717464
SFN,0.0005568396904777369
IGFL2,0.0005563666934739874
CLDN12,0.000541059661518164
LAMA3,0.0005240616071335506
CEP55,0.0005034433838724465
DGKA,0.0005026429550818704
FXYD3,0.0004623506473792805
IL2RG,0.00045463320463320423
NEK2,0.0004533167636966646
ESM1,0.00045147906555815143
SLPI,0.00045105708159510496
BHLHE41,0.00044807378847546217
PSEN1,0.00044359134491752744
SLC44A4,0.00044342111786188436
GDA,0.00044290091654476514
GPRC5A,0.000439581794031853
KRT17,0.00043311721775121664
PLS1,0.00042989701185020587
AEBP1,0.00040901015679735945
GAN,0.00038133729992750697
CEACAM5,0.00037405729111356556
OAS1,0.00036727203821610945
TFF1,0.0003666810257709856
DPCR1,0.0003528088355604035
FANCD2,0.0003481574024135376
UBE2C,0.00034628014606349124
CHEK1,0.0003439611486486492
DOCK5,0.00034240910444304813
CTTN,0.00034240910444304813
GPX2,0.00034225187684651436
EPHA4,0.00034192531306894433
SERPINB5,0.00034179566563467497
TNS4,0.00033880471380471375
CTSE,0.00033801146123736366
XDH,0.0003379242527278914
TNFAIP6,0.000337845612961626
SLC9B2,0.00033402942572377753
RNF145,0.00033398452024206444
MUC4,0.0003303075634642678
HDAC1,0.0003241930331755339
PLEK2,0.00032392902399603225
DTL,0.00031273705712841457
HIST2H4B,0.00028483247811577516
SPDL1,0.00027908421283662005
MFGE8,0.0002583747803286634
GRAMD3,0.0002552811545778773
CST1,0.00025494084788241797
PIAS3,0.0002511442243900557
CEMIP,0.00023183325950813194
NEK7,0.00023164564868017392
GAPDH,0.00023128458275785535
CTSB,0.0002305966136590336
SUGCT,0.00023014588908901534
MCM4,0.00023003356786138404
ATAD2,0.00022973563754172724
CEACAM1,0.00022954091816367234
CCL18,0.00022934014900965742
SAMD9,0.00022909066466235222
RASA2,0.00022887145489133989
LEMD1,0.00022793647320226178
CDH3,0.00022708914254865705
SLC16A3,0.0002270437082197453
RAB23,0.00022696905141868798
COL17A1,0.00022685551922515051
RBMS1,0.00022653231851762213
BUB1B,0.00022652548103170234
MX1,0.00022650123880337128
CST2,0.00022141388149214388
MYLK,0.0002178030303030303
INHBA,0.00019896002537461192
FBXL2,0.00019875943387168016
S100P,0.00019260308774672678
TUFT1,0.00017416032846469674
PXDN,0.00017247274579158478
ETV1,0.000172374051774076
JUP,0.00017170789178999702
UACA,0.00017150904022596256
LPCAT4,0.00017054615216033638
COLGALT1,0.00016971279001793925
DPY19L1,0.00016777544351073766
LMO7,0.0001658669794901874
HCP5,0.00016563286155973344
ASPM,0.00015686987757329086
CLEC7A,0.00015474668640247594
KIF14,0.00015332482277426504
DLGAP5,0.0001523391018159644
NT5C2,0.0001520011394388265
CENPF,0.00015190918472652172
ANLN,0.00015187855375769666
TSPAN1,0.00015011799355879585
MAST2,0.000149251003188174
GBP1P1,0.00014534078985355175
PDLIM7,0.00014307252351970133
GRHL1,0.0001402629082531508
TMPRSS4,0.0001402629082531508
ASPN,0.00013986486486486485
BRCA2,0.00013946907424875352
MFAP2,0.00013460036266860968
PATL1,0.0001182894112334634
RACGAP1,0.00011696725359119684
TPX2,0.00011683429848623395
TRIP13,0.00011629474819658869
KRT7,0.00011629474819658868
TOP2A,0.00011602594682326878
ECM1,0.00011595079653155878
PRKCI,0.00011592283379970421
DIO2,0.00011592060810810822
EGLN3,0.0001159171466548516
CAMK2N1,0.00011582669457196883
CD68,0.00011557493117447961
MXRA5,0.00011551554422025841
GPR87,0.00011551119646369148
TXN,0.00011550679503111818
GBP4,0.00011550533584431899
IFITM1,0.00011540744657299168
ACSL3,0.00011540744657299168
CLDN4,0.00011539017647249485
HLA-C,0.00011536918138041707
ST14,0.00011528822055137833
CAPN9,0.00011528423133959466
BRIP1,0.00011528019491820389
CARD11,0.00011526873302254964
NUF2,0.00011526873302254964
MGLL,0.00011524873361222189
SFTA2,0.00011467111905885223
BMPR2,0.00011410763087990619
NRG3,0.00011410252333608608
LRRC8A,0.00011402757433540774
MELK,0.0001140164468398742
KPNA7,0.00011394765984729306
EZR,0.00011373881966479539
MAL2,0.00011364146790639145
SMC4,0.00011326985325915256
AP3M2,0.0001132292827335194
TIMP2,0.00010544525404665266
EPS8,0.00010320612057167214
FIBIN,0.00010190217391304349
CYP2C18,0.00010008606434518573
RALB,9.952018769411245e-05
PLS3,9.685352378385662e-05
ST6GALNAC1,9.685352378385662e-05
MSMO1,9.668415388754375e-05
FAM91A1,9.5955383168314e-05
COL10A1,9.316770186335403e-05
FAM83D,9.3167701863354e-05
CALM2,9.288550851450491e-05
KRT16,9.277310924369746e-05
EPS8L3,9.277310924369742e-05
FER1L4,9.054947241659096e-05
ADSS,9.03718884103638e-05
TRPS1,8.889919604205317e-05
MRVI1,8.749239196591603e-05
HIST2H2BE,8.727990285367334e-05
ANTXR1,8.722106114744152e-05
PML,8.716817140547097e-05
CD58,8.716817140547097e-05
EDIL3,8.712121212121212e-05
FGD6,8.708016423234838e-05
IQGAP1,8.708016423234838e-05
SLCO4A1,8.704501110139273e-05
OSMR,8.704501110139273e-05
BNC2,8.701573849878938e-05
PSMB8,8.701573849878935e-05
BAIAP2L1,8.699233458848845e-05
MSN,8.697478991596638e-05
NOX4,7.962334695007962e-05
CD9,7.840196345786745e-05
MUC1,7.752983213105911e-05
FAM72A,7.737334320123797e-05
PDGFRB,7.734732311003496e-05
FUT3,7.732651963421195e-05
LDHA,7.731092436974789e-05
WNT5A,7.73005310210392e-05
ACTN4,7.730053102103919e-05
ANXA1,7.730053102103919e-05
SERPINH1,7.730053102103919e-05
IL18,7.729533539454228e-05
CD55,6.63396940160863e-05
KRT19,6.465064210675484e-05
ANXA2,5.8645542938736665e-05
VSIG2,5.844287843881284e-05
SPOCK1,5.844287843881284e-05
GBP2,5.838353753469167e-05
STIL,5.822981366459628e-05
SLFN5,5.814737409829434e-05
TNFSF4,5.814737409829434e-05
NDNF,5.805344282156559e-05
CTSC,5.799488972565896e-05
GPD2,5.7975398265779405e-05
LINC01559,5.797150154590671e-05
LGR5,5.781782091540355e-05
HILPDA,5.77030951674355e-05
ZEB1,5.7506461942054386e-05
SMC6,5.741596058762391e-05
KIF23,5.740115694716587e-05
RIOK3,5.7347515277297025e-05
CKS2,5.7332090985936815e-05
SEC14L2,5.729333475677023e-05
ZNF860,5.594543778725148e-05
TIMP1,3.8030965302303484e-05
RNF213,3.7969638439424166e-05
B3GNT3,2.8519619480602583e-05
CCNA2,2.8472171547113613e-05
CTTNBP2NL,2.837807959154785e-05
CTSV,2.8359440458810854e-05
RNF149,2.8343025058220533e-05
PGM2L1,2.833639424548494e-05
SLC5A3,2.831515204252763e-05
RND3,2.266241396676179e-05
PRC1,2.251511130768086e-05
ARPC2,1.8653271247261576e-05
PON2,1.8650316075348596e-05
PTPN22,1.593727139254582e-05
KRT6A,1.587872913412173e-05
OSBPL3,1.3838566827697574e-05
TCN1,9.88549256687345e-06
PLEKHA2,0.0
SERPINB3,0.0
KDELR3,0.0
PRDM1,0.0
VSNL1,0.0
SEMA3A,0.0
KLK7,0.0
ALOX5AP,0.0
FAM83A,0.0
PLEKHG1,0.0
ITGAV,0.0
SCIN,0.0
CTSK,0.0
IFITM10,0.0
MMP1,0.0
B3GNT5,0.0
P3H2,0.0
KDELC1,0.0
CDC6,0.0
LAMB1,0.0
C15orf48,0.0
FER1L6,0.0
CLIP4,0.0
ELK3,0.0
WFDC2,0.0
CDH2,0.0
ADTRP,0.0
ALOX5,0.0
E2F7,0.0
AFAP1-AS1,0.0
CALD1,0.0
CLDN18,0.0
MMP13,0.0
HLA-F,0.0
SERPINB2,0.0
SPRY4,0.0
KIAA1551,0.0
SLC7A7,0.0
ERN2,0.0
SEMA3C,0.0
PDGFC,0.0
OXR1,0.0
CHST11,0.0
TYMS,0.0
IFI44,0.0
MUC16,0.0
MVP,0.0
HLA-J,0.0
CYP2C19,0.0
SLFN13,0.0
GREB1L,0.0
LGALS1,0.0
IL1A,0.0
IL2RA,0.0
PARP14,0.0
NALCN,0.0
CNN2,0.0
IDO1,0.0
IFI44L,0.0
DYNLT1,0.0
MIR31HG,0.0
GPSM2,0.0
PTK7,0.0
SPRR1B,0.0
OLFML2B,0.0
FAR2,0.0
TINAGL1,0.0
SLCO1B3,0.0
ANKRD22,0.0
CKMT1A,0.0
MXD1,0.0
GBP3,0.0
RAB25,0.0
WNT2,0.0
RHPN2,0.0
MAML2,0.0
TSPAN8,0.0
CSGALNACT2,0.0
USP41,0.0
MYO1D,0.0
KIF13B,0.0
TMEM173,0.0
CORO1C,0.0
L3MBTL3,0.0
CEP170,0.0
SLC26A9,0.0
NCEH1,0.0
ADAM22,0.0
UBA6,0.0
COMP,0.0
COL1A1,0.0
NMI,0.0
GLI3,0.0
MMP3,0.0
IL1R2,0.0
ATP2B4,0.0
KRT6B,0.0
OLR1,0.0
SDC4,0.0
TMEM45A,0.0
TMPRSS3,0.0
PRRX1,0.0
FAM177B,0.0
RASGRF2,0.0
CXCL10,0.0
CLEC2B,0.0
ITGA6,0.0
DSC2,0.0
MOXD1,0.0
IFIH1,0.0
NDRG1,0.0
POF1B,0.0
COL6A3,0.0
CDCA7,0.0
BTN3A2,0.0
S100A4,0.0
PPFIA2,0.0
FBN1,0.0
SRGAP2C,0.0
ADAM12,0.0
HMGCS1,0.0
MRC1,0.0
LAD1,0.0
CRABP2,0.0
TGFBR1,0.0
THY1,0.0
LIF,0.0
TRIO,0.0
GLT8D2,0.0
FAS,0.0
INSIG2,0.0
SLC20A1,0.0
SFRP2,0.0
ASAP1,0.0
PYGL,0.0
KITLG,0.0
HIST2H2AA4,0.0
DENND3,0.0
TFF2,0.0
ISM1,0.0
TFRC,0.0
ARHGAP11A,0.0
ITGB8,0.0
ENC1,0.0
EFNA1,0.0
IRAK3,0.0
MFAP5,0.0
LGALS4,0.0
BTN3A3,0.0
DUOX2,0.0
AIM1,0.0
MACC1,0.0
ANXA10,0.0
HKDC1,0.0
CP,0.0
LOX,0.0
DST,0.0
MARCO,0.0
TM4SF1,0.0
AGR3,0.0
ROBO1,0.0
TRIM22,0.0
MMP2,0.0
EHF,0.0
PDLIM3,0.0
SLC39A10,0.0
POC1B-GALNT4,0.0
ITGA5,0.0
FUT2,0.0
SAMD12,0.0
BIRC3,0.0
KNTC1,0.0
NCF2,0.0
HMCN1,0.0
FCGR3B,0.0
DUSP10,0.0
PDCD1LG2,0.0
STK38L,0.0
SP140L,0.0
LY75-CD302,0.0
LUM,0.0
S100A2,0.0
PLOD2,0.0
PDPN,0.0
UBASH3B,0.0
RAPH1,0.0
PLBD1,0.0
MYEOV,0.0
SRGAP2D,0.0
EPPK1,0.0
LPP,0.0
PLXNA1,0.0
CD80,0.0
DFNA5,0.0
F5,0.0
COL3A1,0.0
APBB2,0.0
SRPX2,0.0
COL4A2,0.0
CAMSAP2,0.0
ANKRD50,0.0
SULT1B1,0.0
FLNA,0.0
HIST1H2BD,0.0
TUBA1C,0.0
DNAJA4,0.0
SH3PXD2B,0.0
LRRC32,0.0
GSDMB,0.0
MUC17,0.0
ERV3-1,0.0
ID1,0.0
TRANK1,0.0
TFPI,0.0
MYH9,0.0
HTRA1,0.0
XKR9,0.0
PELI1,0.0
IGF2BP2,0.0
LTBP2,0.0
LRRN1,0.0
ADAM17,0.0
B3GALT5,0.0
GSDMC,0.0
IGF2BP3,0.0
ARHGAP26,0.0
MSL3P1,0.0
GALNT3,0.0
DSG3,0.0
GXYLT2,0.0
PLXNC1,0.0
PLXDC2,0.0
ANXA3,0.0
XPO1,0.0
GLRX,0.0
SERPINB9,0.0
C1orf116,0.0
RECQL,0.0
IRF6,0.0
ARRDC3,0.0
LCN2,0.0
ITGBL1,0.0
TRIM16L,0.0
ZNF217,0.0
SCNN1A,0.0
MIR4435-2HG,0.0
SHROOM3,0.0
FAM83B,0.0
IGFBP7,0.0
TNFRSF11B,0.0
HSPG2,0.0
HLA-DQB2,0.0
TEP1,0.0
MUC13,0.0
TPM2,0.0
HOXB6,0.0
ADAM9,0.0
AP2B1,0.0
LTBP1,0.0
CFL1,0.0
IL1RAP,0.0
NET1,0.0
CDH11,0.0
CDCP1,0.0
FAM63B,0.0
ZDHHC7,0.0
SGIP1,0.0
BICD1,0.0
ADAMTS6,0.0
RUNX1,0.0
MMP14,0.0
CERS6,0.0
PFKP,0.0
LRCH1,0.0
PLA2R1,0.0
NMU,0.0
REEP3,0.0
SLC9A2,0.0
SQLE,0.0
YWHAZ,0.0
BCL2L1,0.0
HK2,0.0
SLC4A11,0.0
TMEM159,0.0
CAPG,0.0
RHBDL2,0.0
CD109,0.0
SPATS2L,0.0
ADAM10,0.0
APLP2,0.0
PLAT,0.0
MST1R,0.0
BUB1,0.0
CELSR1,0.0
AFAP1,0.0
CSTB,0.0
NRP2,0.0
ARMC9,0.0
VCL,0.0
RAB31,0.0
AHR,0.0
ACVR1,0.0
PPEF1,0.0
NCAPG2,0.0
RASA1,0.0
PERP,0.0
CAST,0.0
GOLM1,0.0
VCAN,0.0
PTBP3,0.0
TWSG1,0.0
SPTLC2,0.0
OAS3,0.0
HIST1H3H,0.0
TMOD3,0.0
ARHGAP1,0.0
DGKH,0.0
ENDOD1,0.0
PRR11,0.0
RAD21,0.0
RSAD2,0.0
LOXL2,0.0
CACNB3,0.0
F2R,0.0
HTATIP2,0.0
RRAS,0.0
THBS2,0.0
STRA6,0.0
VSIG1,0.0
P4HA1,0.0
COL8A1,0.0
CAPN2,0.0
PARP4,0.0
GALE,0.0
CENPK,0.0
ADAMTS12,0.0
FANCI,0.0
CCNB2,0.0
SYTL2,0.0
FRMD5,0.0
CTNNB1,0.0
MTMR11,0.0
CORO2A,0.0
S100A11,0.0
INPP4B,0.0
ANO1,0.0
PLAU,0.0
TRIM59,0.0
SULF1,0.0
HSD17B6,0.0
MICAL2,0.0
ARNTL2,0.0
IFI27,0.0
EFNA5,0.0
NTM,0.0
TPM4,0.0
PGK1,0.0
CEACAM6,0.0
LGALS3,0.0
SLC44A1,0.0
RUNX2,0.0
VILL,0.0
IGFBP3,0.0
MLPH,0.0
STYK1,0.0
MBOAT2,0.0
ITGB4,0.0
KCNN4,0.0
GALNT5,0.0
S100A6,0.0
NHS,0.0
AHNAK2,0.0
TMC7,0.0
APOL1,0.0
TRIM16,0.0
FN1,0.0
LEF1,0.0
FBXO32,0.0
ZNF185,0.0
SLC6A14,0.0
ASAP2,0.0
PTTG1IP,0.0
CTHRC1,0.0
S100A16,0.0
LPCAT2,0.0
COL11A1,0.0
ENO2,0.0
BCAS1,0.0
HK1,0.0
CENPI,0.0
EDNRA,0.0
UNC5B,0.0
DDX60,0.0
ANOS1,0.0
GJB2,0.0
PRR5L,0.0
ACSL5,0.0
FLNB,0.0
SCEL,0.0
ITGB5,0.0
TMSB10,0.0
TSPAN5,0.0
PLEC,0.0
SDR16C5,0.0
CTNNA1,0.0
TRIM29,0.0
HOXB5,0.0
PCDH7,0.0
LY6E,0.0
HEPH,0.0
MYOF,0.0
MALL,0.0
ITGA3,0.0
ANXA2P2,0.0
ITGA11,0.0
SEMA7A,0.0
AP1S3,0.0
MYO1E,0.0
EFNB2,0.0
BROX,0.0
TBC1D2,0.0
SLC6A6,0.0
ITGB1,0.0
CDC42BPA,0.0
PI3,0.0
ABCA12,0.0
FRMD6,0.0
MCU,0.0
ANXA2P1,0.0
TMEM154,0.0
ACTA2,0.0
TGFBI,0.0
HTRA3,0.0
TNFRSF10A,0.0
PSMB9,0.0
DNAJC13,0.0
COL1A2,0.0
TSPAN15,0.0
FAM177A1,0.0
ACTR3,0.0
CXCL5,0.0
WISP1,0.0
PLAUR,0.0
SGCB,0.0
ASPH,0.0
MB21D1,0.0
TMC5,0.0
XAF1,0.0
HPGD,0.0
C11orf80,0.0
IGFBP5,0.0
ZNF532,0.0
SMURF1,0.0
CDHR2,0.0
TUBB,0.0
TBL1XR1,0.0
B4GALT4,0.0
MPZL2,0.0
PMEPA1,0.0
ABLIM3,0.0
LBH,0.0
DPYSL3,0.0
ALDOC,0.0
MX2,0.0
MOCOS,0.0
ATP2C2,0.0
FNDC1,0.0
GREM1,0.0
TMEM133,0.0
HIST1H4H,0.0
KLK6,0.0
LIMS1,0.0
PAK1,0.0
KLF7,0.0
SESTD1,0.0
BST2,0.0
TNFRSF21,0.0
LRRC15,0.0
TANC2,0.0
PPARG,0.0
FAP,0.0
KLF5,0.0
RASAL2,0.0
ADGRF4,0.0
CAPZB,0.0
ANGPT2,0.0
NUAK1,0.0
PARP9,0.0
STK38,0.0
BHLHE40,0.0
SLC35F2,0.0
SKIL,0.0
COL5A1,0.0
GPI,0.0
HOXB3,0.0
TGIF1,0.0
CKAP2,0.0
ADGRG6,0.0
FCGR3A,0.0
CORIN,0.0
EPHA2,0.0
STAT1,0.0
LYZ,0.0
SAMD9L,0.0
S100A14,0.0
TAP2,0.0
SLC25A12,0.0
TRIP10,0.0
FRRS1,0.0
TSC22D1,0.0
CHML,0.0
IFI6,0.0
SLC25A24,0.0
TRAK1,0.0
CCL20,0.0
ADAM19,0.0
MATN3,0.0
ANTXR2,0.0
DCBLD1,0.0
SLC22A3,0.0
RHOF,0.0
ATP2C1,0.0
ENTPD1,0.0
BGN,0.0
COL12A1,0.0
WDHD1,0.0
ADGRF1,0.0
RAD51AP1,0.0
TGM2,0.0
RARRES3,0.0
ENO1,0.0
KCND2,0.0
MAP4K4,0.0
CALU,0.0
KDM5B,0.0
SLC16A4,0.0
MET,0.0
ZC2HC1A,0.0
SGPP2,0.0
FAT1,0.0
LIPH,0.0
KCNK1,0.0
TNIK,0.0
RAI14,0.0
ITPR3,0.0
KYNU,0.0
DCBLD2,0.0
PLEKHB2,0.0
PTPN12,0.0
DEPDC1B,0.0
ACTN1,0.0
TRIM31,0.0
MR1,0.0
NPR3,0.0
MSLN,0.0
FAM26E,0.0
ARPC1B,0.0
PADI1,0.0
SHCBP1,0.0
DHRS9,0.0
GPX8,0.0
PGM2,0.0
AK4,0.0
TAP1,0.0
SULF2,0.0
ADAM28,0.0
COL5A2,0.0
ANXA8L1,0.0
SIPA1L1,0.0
SEC23A,0.0
EIF2AK2,0.0
DAPP1,0.0
AGMO,0.0
GABRP,0.0
CIT,0.0
FOXQ1,0.0
KIF11,0.0
DDX60L,0.0
TES,0.0
IL1RN,0.0
SFXN1,0.0
BZW1,0.0
VDR,0.0
SIM2,0.0
KIAA1524,0.0
NPC1,0.0
NCAPG,0.0
TPI1,0.0
ARHGAP42,0.0
ARL4C,0.0
KIF26B,0.0
KIF18A,0.0
TFAP2A,0.0
YEATS2,0.0
MIR4697HG,0.0
