gene_A,gene_B,target_coexpr,pooled_off_target_coexpr,max_off_target_coexpr,max_off_target_compartment,patient_positive_rate,correlation,annotation_version,threshold_profile
S100A14,OCIAD2,0.6575031883236503,0.08539839878002288,0.25663716814159293,mast cells,1.0,0.38662177658843083,v5_heuristic_marker_metadata,exploratory_relaxed_v5_0p60_target_0p10_pooled_offtarget
S100A14,C19orf33,0.6361059940484625,0.09391282246791206,0.2743362831858407,mast cells,1.0,0.40843794473770734,v5_heuristic_marker_metadata,exploratory_relaxed_v5_0p60_target_0p10_pooled_offtarget
S100A14,EZR,0.6250531387275046,0.08908374634642267,0.21238938053097345,mast cells,1.0,0.2625350997356642,v5_heuristic_marker_metadata,exploratory_relaxed_v5_0p60_target_0p10_pooled_offtarget
S100A14,APLP2,0.6155590194133485,0.08234845596645063,0.23008849557522124,mast cells,1.0,0.18600831114257438,v5_heuristic_marker_metadata,exploratory_relaxed_v5_0p60_target_0p10_pooled_offtarget
S100A16,S100A14,0.6130083604931273,0.08654212733511246,0.23893805309734514,mast cells,1.0,0.3811372508259612,v5_heuristic_marker_metadata,exploratory_relaxed_v5_0p60_target_0p10_pooled_offtarget
S100A14,GPX1,0.6060649000991923,0.09226077011056043,0.24778761061946902,mast cells,1.0,0.09295661814201565,v5_heuristic_marker_metadata,exploratory_relaxed_v5_0p60_target_0p10_pooled_offtarget
EZR,TMC5,0.6057814935525011,0.08755877493963656,0.22123893805309736,mast cells,1.0,0.27133923827882855,v5_heuristic_marker_metadata,exploratory_relaxed_v5_0p60_target_0p10_pooled_offtarget
S100A14,ATP5J2,0.6037976477256625,0.09518363197356716,0.25663716814159293,mast cells,1.0,0.1394270738872317,v5_heuristic_marker_metadata,exploratory_relaxed_v5_0p60_target_0p10_pooled_offtarget
S100A6,ITGB4,0.6037976477256625,0.09658152242978778,0.3893805309734513,mast cells,1.0,-0.18806148153077754,v5_heuristic_marker_metadata,exploratory_relaxed_v5_0p60_target_0p10_pooled_offtarget
S100A14,GPRC5A,0.6025223182655519,0.086923370186809,0.24778761061946902,mast cells,1.0,0.4416306570230763,v5_heuristic_marker_metadata,exploratory_relaxed_v5_0p60_target_0p10_pooled_offtarget
GSTP1,LGALS4,0.6421992348023239,0.09988562714449103,0.23214285714285715,B cells,0.9375,0.06174269512695411,v5_heuristic_marker_metadata,exploratory_relaxed_v5_0p60_target_0p10_pooled_offtarget
CYBA,LGALS4,0.6417741249822871,0.0945482272207396,0.25663716814159293,mast cells,0.9375,0.10589870693975592,v5_heuristic_marker_metadata,exploratory_relaxed_v5_0p60_target_0p10_pooled_offtarget
KRT8,LGALS4,0.6416324217089415,0.08781293684076757,0.23893805309734514,mast cells,0.9375,0.1591682407659178,v5_heuristic_marker_metadata,exploratory_relaxed_v5_0p60_target_0p10_pooled_offtarget
HLA-B,LGALS4,0.6365311038684993,0.09963146524336002,0.23893805309734514,mast cells,0.9375,0.09909421950316982,v5_heuristic_marker_metadata,exploratory_relaxed_v5_0p60_target_0p10_pooled_offtarget
SAT1,LGALS4,0.6361059940484625,0.09950438429279451,0.25663716814159293,mast cells,0.9375,0.05577586260303298,v5_heuristic_marker_metadata,exploratory_relaxed_v5_0p60_target_0p10_pooled_offtarget
IFI27,LGALS4,0.6342638514949696,0.09416698436904308,0.24778761061946902,mast cells,0.9375,0.11069404822362204,v5_heuristic_marker_metadata,exploratory_relaxed_v5_0p60_target_0p10_pooled_offtarget
S100A14,SMIM22,0.6335553351282415,0.09645444147922226,0.24778761061946902,mast cells,0.9375,0.4423833381001285,v5_heuristic_marker_metadata,exploratory_relaxed_v5_0p60_target_0p10_pooled_offtarget
KRT18,LGALS4,0.6334136318548959,0.08959207014868471,0.24778761061946902,mast cells,0.9375,0.12241124165929526,v5_heuristic_marker_metadata,exploratory_relaxed_v5_0p60_target_0p10_pooled_offtarget
HLA-A,LGALS4,0.6317131925747484,0.09886897953996696,0.25663716814159293,mast cells,0.9375,0.10888239139420501,v5_heuristic_marker_metadata,exploratory_relaxed_v5_0p60_target_0p10_pooled_offtarget
LGALS4,CSTB,0.6291625336545275,0.09874189858940145,0.25663716814159293,mast cells,0.9375,0.06076908193734673,v5_heuristic_marker_metadata,exploratory_relaxed_v5_0p60_target_0p10_pooled_offtarget
UQCRQ,LGALS4,0.6217939634405555,0.09925022239166349,0.25663716814159293,mast cells,0.9375,0.08126281709242161,v5_heuristic_marker_metadata,exploratory_relaxed_v5_0p60_target_0p10_pooled_offtarget
TSPAN8,TMC5,0.613858580133201,0.08895666539585716,0.26548672566371684,mast cells,0.9375,0.4416298091955712,v5_heuristic_marker_metadata,exploratory_relaxed_v5_0p60_target_0p10_pooled_offtarget
OCIAD2,TMC5,0.6134334703131642,0.08374634642267124,0.25663716814159293,mast cells,0.9375,0.34390653826109274,v5_heuristic_marker_metadata,exploratory_relaxed_v5_0p60_target_0p10_pooled_offtarget
S100A14,TSPAN8,0.6124415473997449,0.09200660820942941,0.23893805309734514,mast cells,0.9375,0.4027433215060888,v5_heuristic_marker_metadata,exploratory_relaxed_v5_0p60_target_0p10_pooled_offtarget
OCIAD2,LGALS4,0.6103159982995607,0.06226966577710001,0.2831858407079646,mast cells,0.9375,0.3455358489851526,v5_heuristic_marker_metadata,exploratory_relaxed_v5_0p60_target_0p10_pooled_offtarget
SH3BGRL3,LGALS4,0.609465778659487,0.09886897953996696,0.26548672566371684,mast cells,0.9375,0.08189603269919386,v5_heuristic_marker_metadata,exploratory_relaxed_v5_0p60_target_0p10_pooled_offtarget
PERP,LGALS4,0.608757262292759,0.08145888931249205,0.23008849557522124,mast cells,0.9375,0.21776040232773983,v5_heuristic_marker_metadata,exploratory_relaxed_v5_0p60_target_0p10_pooled_offtarget
COX6A1,LGALS4,0.6081904491993765,0.0955648748252637,0.23893805309734514,mast cells,0.9375,0.0676236872734005,v5_heuristic_marker_metadata,exploratory_relaxed_v5_0p60_target_0p10_pooled_offtarget
EZR,LGALS4,0.6063483066458836,0.07180073706951327,0.2831858407079646,mast cells,0.9375,0.29639047439003346,v5_heuristic_marker_metadata,exploratory_relaxed_v5_0p60_target_0p10_pooled_offtarget
SPINT2,LGALS4,0.6046478673657362,0.08184013216418859,0.2743362831858407,mast cells,0.9375,0.22469730062574086,v5_heuristic_marker_metadata,exploratory_relaxed_v5_0p60_target_0p10_pooled_offtarget
YWHAZ,LGALS4,0.6006801757120589,0.09886897953996696,0.24778761061946902,mast cells,0.9375,-0.014424213094134547,v5_heuristic_marker_metadata,exploratory_relaxed_v5_0p60_target_0p10_pooled_offtarget
FXYD3,LGALS4,0.6290208303811818,0.08603380353285042,0.24778761061946902,mast cells,0.875,0.2920603646975798,v5_heuristic_marker_metadata,exploratory_relaxed_v5_0p60_target_0p10_pooled_offtarget
TSPAN8,LGALS4,0.624202919087431,0.07929851315287838,0.2920353982300885,mast cells,0.875,0.49127561105064277,v5_heuristic_marker_metadata,exploratory_relaxed_v5_0p60_target_0p10_pooled_offtarget
LYZ,LGALS4,0.6165509423267678,0.09353157961621553,0.23214285714285715,B cells,0.8125,0.22496848915735937,v5_heuristic_marker_metadata,exploratory_relaxed_v5_0p60_target_0p10_pooled_offtarget
