gene,inferred_threshold,ci_95_lower,ci_95_upper,mean_expression,median_expression
RP11-40C6.2,2.7937999963760376,2.752650022506714,4.863236373662948,2.3097134057971016,7.3277
AC009065.4,-6.215850114822388,-6.215850114822388,-5.557190132886174,-3.9012760869565213,-0.60795
MMP12,-2.486050009727478,-3.1064499616622925,-1.848000019788742,-3.2191264492753624,-2.4860499999999996
MISP,1.7263000011444092,1.319111267477274,2.2176762662827967,1.6940539855072463,2.62515
UBE2SP2,-2.427150011062622,-2.468150019645691,-2.355299949645996,-2.820516304347826,0.7013499999999999
HMGN1P37,-6.17710018157959,-6.17710018157959,-6.039900183677673,-3.438078985507247,-0.2771
S100A6,9.432549953460693,9.29539966583252,9.844700336456299,8.94096195652174,8.9026
RP11-10G12.1,-2.8371999263763428,-5.802600145339966,-2.7935999035835266,-3.0589913043478263,-0.016649999999999998
RPL37P6,-3.142099976539612,-6.396000146865845,-3.141496220231056,-3.196605434782609,-0.39715
FTH1P7,3.001,1.57776375,3.8218,2.6718858695652172,3.001
EEF1A1P12,-0.47695,-1.8854562499999998,0.099,-1.1860782608695652,-0.47695
RP11-215A21.2,0.35155000000000003,-0.8599,0.7581462499999999,-0.4688423913043477,0.35155000000000003
NDUFA13,7.36925,6.4343375,7.97342625,7.086505072463768,7.36925
RPS28P7,9.2358,8.56262125,9.479754999999999,8.888472101449276,9.2358
PTENP1,0.13190000000000002,-0.748915,0.7036162499999998,-0.07171521739130436,0.13190000000000002
PPIAP22,5.890000000000001,4.7656,7.02967625,5.76218115942029,5.890000000000001
AC000089.3,-0.020550000000000002,-0.63107875,0.65638,-0.2523307971014493,-0.020550000000000002
HNRNPCP2,2.1052999999999997,-0.18770874999999998,2.7889,1.108949275362319,2.1052999999999997
HNRNPA1P4,-2.21575,-3.42228,-1.0862,-4.066896014492754,-2.21575
FTH1P20,1.9279,0.8205975,2.5268,1.8038539855072464,1.9279
CD63,9.381599999999999,8.85940875,10.17122,9.41358768115942,9.381599999999999
LGALS3BP,7.15465,5.9019200000000005,8.131417500000001,6.705206521739131,7.15465
ATP5L,7.307,6.624495,8.001685,7.163418478260869,7.307
HLA-A,8.6094,7.064392499999999,9.5514,7.983535869565217,8.6094
MMP9,0.2572,-1.3605325,2.2633,0.5118326086956522,0.2572
EEF1A1P9,-0.5973,-1.5150112500000001,0.005179999999999938,-1.015070652173913,-0.5973
GAPDH,10.0609,8.802,10.662745,9.513959420289854,10.0609
MDK,6.66995,4.64807875,7.48018125,5.886893115942029,6.66995
NDUFC2,6.74885,5.946701249999999,7.2158662499999995,6.475679710144928,6.74885
CORO2A,0.0466,-1.3183,2.4028899999999993,0.3138144927536232,0.0466
ATOX1,6.010199999999999,4.96763375,6.666752499999999,5.625224275362319,6.010199999999999
RP11-641D5.1,7.2333,6.546749999999999,7.66534,6.9281644927536234,7.2333
COX7B,5.93845,5.0984725,6.47894,5.620092391304349,5.93845
OCIAD2,5.82165,4.37097125,6.604053749999999,5.7097264492753625,5.82165
BOLA2B,5.6796500000000005,4.52945375,5.99919,5.308630072463768,5.6796500000000005
EIF5AP4,0.6877,-2.0855475,1.464095,-2.298582971014493,0.6877
RPL13AP20,-0.07375000000000001,-0.9971,0.4288937499999999,-0.7189858695652173,-0.07375000000000001
EPHX4,-2.08605,-3.8734875,-0.4561512500000016,-2.882890579710145,-2.08605
COX7A2,7.1109,6.6125675,7.7370600000000005,6.993769202898551,7.1109
MGST2,5.5992999999999995,4.9509675,6.0032625,5.473846014492753,5.5992999999999995
RPS2P55,0.9568,0.36782125,1.40925875,0.5225199275362319,0.9568
BCAP31,6.7644,6.3443837499999995,7.3604275,6.735889130434782,6.7644
TEX264,5.0672,4.59959375,5.5584425,4.950111231884058,5.0672
GRN,7.4075500000000005,5.932354999999999,7.9703125,6.746142753623189,7.4075500000000005
RNASET2,5.762600000000001,5.16705375,6.229900000000001,5.851179347826087,5.762600000000001
MRPL14,4.38095,3.7844450000000003,5.22480125,4.373823550724638,4.38095
KIF4A,-0.98855,-2.8339175,0.13568874999999994,-1.8623119565217392,-0.98855
RP11-805J14.5,1.90475,1.1253025,2.8259699999999994,1.2050967391304348,1.90475
CCR6,-3.3147,-4.376035,-1.2828,-3.989623913043479,-3.3147
RP11-64K7.1,-3.9255,-8.92262875,-2.5479,-5.5795666666666675,-3.9255
IFI27,5.94215,4.5232825000000005,8.00915375,6.609694927536232,5.94215
COMMD1,4.39195,3.893615,4.8213,4.274766666666667,4.39195
EEF1A1P19,-0.9686,-1.5105,-0.28735375000000096,-1.006793115942029,-0.9686
SHFM1,6.387700000000001,5.848605,7.46070375,6.536119565217391,6.387700000000001
TCEB2,7.5238,6.6315800000000005,8.1391375,7.33718804347826,7.5238
LINC00920,-1.71015,-2.9324,-0.6354500000000003,-2.067169927536232,-1.71015
UBE2T,1.7931,-0.3566,2.6551774999999993,0.7476869565217392,1.7931
UBE2S,3.4922500000000003,1.94550625,4.31560625,3.029790579710145,3.4922500000000003
DYNLRB1,6.8178,5.8011,7.451915,6.516697463768116,6.8178
NDUFA1,6.00115,5.55246625,6.7508825,6.0370318840579715,6.00115
MMP28,1.74275,0.34476249999999997,3.2546062499999997,2.03913731884058,1.74275
GTF3A,5.85275,5.4654825,6.22014875,5.790223188405797,5.85275
DNASE2,4.590400000000001,4.00608125,5.114735,4.414552898550725,4.590400000000001
COX6B1,7.3856,6.76949,7.9522224999999995,7.259773550724638,7.3856
PTTG1,2.6281499999999998,0.58338,3.6371749999999996,1.9765144927536233,2.6281499999999998
TPX2,0.24805,-1.54229625,1.9177537499999993,-0.20164420289855076,0.24805
CFL1,8.48115,7.3609625,9.544875,8.228507971014494,8.48115
ATP5E,5.43345,4.54323,6.095967499999999,5.373746739130435,5.43345
PKM,8.0975,6.295310000000001,8.7865875,7.5063420289855065,8.0975
UQCR10,5.84405,5.2148875,6.327540000000001,5.6476134057971015,5.84405
CRIP1,5.7626,3.6332875,7.5647874999999996,5.62949347826087,5.7626
MRPL17,4.87125,4.33810125,5.5244275,4.791082971014492,4.87125
RGS10,3.7956000000000003,2.15638,4.66755625,3.1363036231884056,3.7956000000000003
CCDC96,-0.49435,-1.11844125,0.19111499999999956,-0.43331449275362327,-0.49435
MAD2L1,1.104,-0.1031,1.9295499999999999,0.8632949275362318,1.104
BLOC1S1,6.392250000000001,5.7312,6.9860500000000005,6.3065880434782615,6.392250000000001
PSMB6,5.89895,5.47648,6.54632375,5.881902173913043,5.89895
MND1,-0.057499999999999996,-1.685,0.5271,-1.3538329710144927,-0.057499999999999996
PSMB3,6.5641,5.65665375,7.1787075,6.205501086956522,6.5641
CKLF,4.5031,3.634055,5.878512499999999,4.5935159420289855,4.5031
DHRS7B,3.9199,3.59064,4.19341,3.783309782608695,3.9199
HPSE,-0.005949999999999999,-1.3774425000000001,0.7407,-0.4857210144927536,-0.005949999999999999
POC1A,0.28764999999999996,-0.71711875,1.1695837499999995,0.19156050724637683,0.28764999999999996
GBA,4.80415,4.1579975000000005,5.30817875,4.531032246376811,4.80415
MAN2B1,5.14675,4.717,5.495701250000001,5.095203985507246,5.14675
SH3KBP1,2.9875,1.21103,3.9929899999999994,2.507482608695652,2.9875
LINC01420,4.01415,2.8907950000000002,4.78654625,3.7207384057971016,4.01415
NAGA,3.3859500000000002,2.5076674999999997,3.9346674999999993,3.123210507246377,3.3859500000000002
SMYD3,3.04195,2.0429000000000004,3.79047875,2.8384094202898553,3.04195
CTSB,7.63975,6.6436,8.302299999999999,7.4688869565217395,7.63975
PIGU,3.2996,2.6602,3.98521625,3.1726090579710147,3.2996
SNRPD1,5.206950000000001,4.15319625,5.790592500000001,4.814968115942029,5.206950000000001
CKS2,3.1162,1.6022275,4.13292625,2.8193815217391305,3.1162
CCDC51,2.26305,1.5291000000000001,3.0002425,2.1266007246376812,2.26305
TP53TG1,3.80765,3.0016612499999997,4.62023,3.655064855072464,3.80765
NPC2,6.8899,6.4077225,7.50124,6.757789130434783,6.8899
NUDT1,3.2635,2.4463937500000004,4.25140375,3.232963043478261,3.2635
SPA17,2.0040999999999998,1.2876275,2.724545,1.9060833333333331,2.0040999999999998
SERTAD3,3.46585,2.60695875,4.425195,3.3705565217391302,3.46585
CCNB1,2.65055,1.4850299999999999,3.2106987499999997,2.42889347826087,2.65055
